having_ip_address,url_length,having_at_symbol,prefix_suffix_dash,multi_subdomains,https_token,has_https,shortining_service,count_dots,count_digits,count_special_chars,has_suspicious_words,domain_age,favicon_mismatch,redirects,Label
0,0,0,0,0,0,1,0,1,1,0,0,0,0,0,0
0,1,1,1,1,0,0,1,3,47,7,1,1,0,1,1
0,0,0,0,0,0,1,0,1,7,1,0,0,0,0,0
0,0,0,0,0,0,0,0,2,6,4,0,1,0,1,0
0,0,0,0,0,0,1,0,1,6,3,0,0,0,0,0
0,0,0,0,0,1,0,0,8,3,11,1,1,0,1,1
0,0,0,1,1,0,0,0,1,5,4,0,0,0,0,0
0,1,0,0,0,0,1,0,1,9,2,0,0,0,0,0
0,0,0,0,0,0,1,0,1,8,2,1,0,0,0,0
0,0,0,1,0,0,0,0,5,12,0,0,1,0,1,1
0,0,0,0,0,0,1,0,3,8,4,0,0,0,0,0
0,0,0,0,0,0,1,0,2,6,1,0,0,0,0,0
0,0,0,0,0,0,1,0,2,2,1,0,0,0,0,0
0,0,0,0,1,0,1,0,2,0,1,0,0,1,0,0
0,1,0,1,0,1,0,1,7,25,1,0,1,0,0,1
0,0,0,0,0,0,1,0,1,7,3,0,1,0,1,0
1,1,0,1,1,0,0,1,8,11,1,1,1,1,0,1
1,1,0,1,1,0,0,0,3,19,13,1,0,0,1,1
0,1,0,0,1,0,0,0,1,7,4,0,1,0,1,1
0,0,0,0,0,0,1,0,1,5,3,0,0,0,0,0
0,0,0,0,0,0,0,0,2,14,1,0,1,1,0,1
0,0,0,0,0,0,1,0,2,6,2,0,0,0,0,0
0,1,0,0,0,0,0,1,3,45,3,1,1,0,0,1
0,0,0,1,1,0,0,0,6,14,0,1,1,1,0,1
1,1,0,1,1,0,0,0,5,33,3,1,1,0,0,1
0,1,0,1,1,0,0,1,7,41,11,0,1,0,0,1
0,0,0,1,1,0,0,0,9,27,1,1,0,0,1,1
0,0,0,1,1,0,0,0,9,0,4,0,1,1,0,1
0,0,0,1,1,1,1,0,6,43,10,0,1,0,1,1
1,0,0,1,1,0,0,0,4,49,7,1,0,0,1,1
0,0,0,0,0,0,1,0,2,9,3,0,1,0,0,0
0,0,0,0,0,0,1,0,1,9,0,0,1,0,0,0
0,1,0,1,0,0,1,0,9,32,8,1,1,0,0,1
0,1,0,1,1,1,1,0,1,23,13,1,0,0,0,1
0,1,0,1,0,0,0,0,3,7,13,1,1,0,1,1
0,0,0,0,0,0,1,0,3,6,1,0,0,0,0,0
1,0,1,1,1,0,0,0,4,47,4,0,1,1,1,1
0,0,0,0,0,0,1,0,2,6,4,0,0,0,0,0
0,0,0,0,0,0,1,0,2,5,4,0,0,0,0,0
0,0,0,0,0,0,1,0,3,9,0,0,0,0,0,0
0,0,0,0,0,0,1,0,3,9,0,0,0,0,1,0
0,0,0,0,0,0,1,0,3,3,1,0,1,0,0,0
0,1,0,1,1,0,0,1,5,43,10,1,1,0,1,1
0,1,0,0,1,0,1,0,4,7,5,1,1,0,1,1
0,1,0,1,1,0,0,1,7,27,2,0,1,1,1,1
1,1,0,0,1,0,1,1,2,13,3,0,1,0,0,1
1,1,0,1,1,0,0,1,6,36,3,0,1,0,1,1
0,0,0,0,0,0,0,0,2,1,2,0,1,0,0,0
0,1,1,1,1,0,0,0,9,5,8,1,1,0,1,1
0,0,0,0,1,1,1,0,6,31,12,0,1,0,0,1
0,0,0,0,0,0,1,0,1,2,4,0,0,0,0,0
0,1,1,1,1,0,0,0,7,49,14,1,1,1,0,1
0,0,0,0,1,0,1,0,2,4,1,0,0,0,0,0
1,1,0,0,0,0,0,0,5,25,13,0,1,1,0,1
0,0,0,0,0,0,1,0,1,1,3,0,0,0,0,0
1,1,0,1,1,0,1,0,3,4,11,1,1,0,0,1
1,0,0,0,1,0,0,0,4,14,2,1,1,0,0,1
0,0,0,0,0,0,1,0,1,8,1,0,0,0,0,0
0,1,0,0,0,0,1,0,1,4,3,0,0,0,0,0
0,0,0,0,0,0,1,0,3,0,4,0,0,0,0,0
0,0,0,0,0,0,1,0,3,5,2,0,0,0,0,0
0,0,0,0,0,0,1,0,1,7,2,0,0,0,0,0
0,0,0,0,0,0,1,1,3,9,1,0,0,0,0,0
0,0,0,0,0,0,0,0,2,8,1,0,0,0,0,0
0,0,0,0,0,0,1,0,2,4,4,0,0,0,0,0
0,1,0,1,0,0,0,0,8,33,13,1,1,1,0,1
0,0,0,1,1,0,0,0,4,29,6,1,1,0,0,1
0,0,0,0,0,0,1,0,3,5,3,0,0,0,0,0
0,0,0,0,1,0,0,0,5,18,9,1,1,0,0,1
0,1,1,1,1,0,1,1,8,35,5,0,1,0,0,1
1,1,0,1,0,0,0,0,8,9,5,1,1,0,0,1
1,0,0,1,1,0,0,0,2,31,7,1,1,1,0,1
0,0,0,0,1,0,1,0,1,2,2,1,0,0,0,0
0,0,0,1,1,0,0,1,9,38,5,1,1,0,1,1
0,0,0,0,0,0,1,0,3,7,3,0,1,0,0,0
0,1,0,1,1,0,0,0,4,27,13,0,1,1,1,1
0,0,0,1,1,0,0,0,9,49,10,1,1,0,1,1
0,1,0,1,1,0,1,0,4,5,11,0,1,0,1,1
0,0,0,0,0,0,1,0,2,5,2,0,0,0,1,0
0,1,0,1,0,1,0,0,5,24,2,1,1,1,0,1
0,0,0,0,0,0,1,0,3,8,4,0,0,0,0,0
0,0,0,1,1,1,0,0,9,22,5,1,1,1,0,1
0,0,0,0,0,0,1,0,1,7,2,0,0,0,0,0
0,0,0,1,1,0,0,0,2,32,5,1,1,0,0,1
0,0,0,0,1,0,1,0,2,9,0,0,1,0,0,0
0,1,0,0,0,0,1,0,2,4,4,0,0,0,0,0
0,1,0,1,1,0,0,1,2,40,12,1,1,0,0,1
0,0,0,0,1,0,1,0,1,2,3,0,0,0,0,0
1,1,0,1,1,0,0,1,9,18,9,0,1,1,0,1
1,1,0,0,0,0,1,0,8,33,10,1,1,1,0,1
0,0,0,0,0,0,1,0,1,34,7,1,1,0,1,1
0,1,0,1,1,0,0,0,6,40,8,1,1,1,1,1
1,1,0,1,0,0,1,0,8,43,2,1,1,1,1,1
0,1,1,1,0,0,0,0,7,48,14,1,1,1,1,1
0,0,0,1,1,0,0,1,2,28,8,1,1,0,1,1
0,0,0,0,1,0,0,1,8,1,0,1,1,0,0,1
0,1,1,1,1,1,0,0,2,35,2,0,1,1,1,1
0,0,0,1,1,0,1,0,9,35,11,1,1,0,0,1
0,1,0,0,0,0,0,0,1,48,5,1,1,1,1,1
0,0,0,1,0,0,1,0,2,5,2,0,0,0,0,0
0,0,0,0,1,0,1,0,1,0,4,0,1,0,0,0
0,1,0,1,1,0,1,0,2,31,12,0,0,0,0,1
1,1,0,1,0,0,0,0,3,16,2,1,1,0,1,1
0,0,0,1,1,0,1,1,6,44,14,1,1,1,0,1
1,0,1,1,0,0,1,0,6,35,5,1,1,0,1,1
1,0,0,1,1,0,0,0,7,44,2,0,1,1,0,1
1,1,0,1,1,0,0,1,2,31,5,1,1,1,0,1
0,0,1,1,0,1,0,1,8,25,0,0,0,0,0,1
0,0,0,1,1,1,1,1,8,22,8,1,1,1,0,1
0,0,0,0,0,0,1,0,2,7,0,0,0,0,0,0
0,1,0,1,0,1,1,0,6,28,6,1,1,1,1,1
0,0,0,0,0,0,1,0,2,3,3,0,0,0,0,0
1,1,0,0,1,0,0,0,2,33,14,0,1,0,0,1
0,0,0,1,0,1,0,0,9,28,11,0,1,0,1,1
0,0,0,0,1,0,1,0,2,6,1,0,1,0,0,0
0,0,1,0,0,0,0,1,9,20,3,1,1,0,0,1
0,0,0,0,0,0,1,0,1,1,4,0,0,0,0,0
0,1,0,1,1,0,0,0,2,2,11,1,0,1,0,1
0,0,0,1,1,0,0,0,5,37,7,1,1,1,0,1
0,0,0,0,0,0,0,0,1,3,3,0,0,0,0,0
0,0,0,1,0,0,0,0,7,6,3,1,1,0,1,1
0,0,0,0,0,0,1,0,3,3,2,0,1,0,0,0
0,1,0,1,0,0,0,0,6,40,0,0,1,0,1,1
0,0,0,0,0,0,1,0,1,3,3,0,0,0,0,0
0,0,0,0,0,0,1,0,2,4,4,0,1,0,0,0
0,1,0,1,1,1,0,0,2,10,14,0,1,0,1,1
1,1,1,1,0,0,0,0,6,17,9,0,1,1,0,1
0,0,0,1,0,0,1,0,2,0,2,0,0,0,0,0
0,0,0,1,1,0,0,0,8,1,6,1,0,0,0,1
0,1,0,1,1,1,1,0,7,48,2,0,1,1,1,1
0,0,0,1,1,0,0,0,4,22,9,1,1,0,1,1
0,0,0,0,0,0,1,0,3,2,4,0,0,0,0,0
0,0,0,0,0,0,1,0,3,8,2,0,1,0,0,0
0,0,0,0,0,0,1,0,3,4,3,0,0,0,0,0
0,0,0,0,1,0,1,0,3,2,3,1,0,0,0,0
0,0,0,0,0,0,1,0,3,5,3,1,0,0,0,0
0,0,0,0,0,0,1,1,2,5,0,0,1,0,0,0
0,0,0,0,1,0,1,0,3,5,0,0,0,0,0,0
0,0,0,0,0,0,1,0,3,6,0,0,0,0,0,0
0,0,0,0,0,0,1,0,3,2,0,0,0,0,0,0
0,0,1,1,1,0,1,1,4,43,6,0,1,0,0,1
0,1,0,1,0,0,1,0,2,4,2,0,0,0,0,0
1,1,0,1,0,0,0,0,7,3,0,1,1,1,0,1
0,1,0,1,0,0,1,0,1,1,5,1,1,0,0,1
0,0,0,0,1,0,0,0,8,9,5,1,1,0,0,1
0,0,0,0,0,0,1,0,3,5,2,0,0,0,0,0
0,0,0,1,0,0,1,0,1,7,3,0,0,0,0,0
0,0,0,1,0,0,1,0,2,0,1,0,0,0,0,0
0,0,0,0,0,0,1,0,1,8,1,0,0,0,0,0
0,1,0,1,0,0,1,0,2,2,13,1,1,0,1,1
0,0,0,1,0,0,1,0,3,7,2,0,0,0,0,0
0,0,0,0,0,0,1,0,3,5,1,0,0,0,0,0
0,0,0,0,0,0,1,0,3,0,2,0,0,0,0,0
0,0,0,0,0,0,1,0,1,0,3,0,0,0,0,0
0,0,0,0,0,0,1,0,1,9,1,0,0,0,0,0
0,1,0,1,1,1,1,1,9,21,8,0,1,0,1,1
0,0,0,0,0,0,1,0,1,0,2,0,0,0,0,0
0,0,0,1,0,0,0,0,8,7,10,1,1,0,1,1
0,0,0,0,0,0,1,0,1,0,4,0,0,0,0,0
0,0,1,1,1,0,0,1,9,2,14,1,1,1,1,1
0,0,0,0,0,0,1,0,3,2,2,0,0,0,0,0
0,0,0,0,0,0,1,0,3,3,0,1,0,0,1,0
0,1,0,1,0,0,0,1,4,10,9,0,1,0,1,1
1,0,0,0,0,0,0,0,5,47,12,0,1,1,0,1
0,1,0,1,1,0,0,0,3,20,9,1,1,1,0,1
0,0,0,0,0,0,1,0,2,0,1,0,0,0,0,0
1,0,0,1,1,0,0,0,5,45,12,1,1,0,1,1
0,0,0,0,0,0,1,0,1,5,4,0,0,0,0,0
0,0,0,0,0,0,1,0,2,7,2,0,0,1,0,0
1,1,1,1,0,0,0,0,1,34,3,1,1,0,0,1
0,0,0,0,1,0,0,0,3,2,4,1,1,0,1,1
0,0,0,0,0,0,1,1,3,4,2,0,0,0,0,0
0,1,0,1,0,0,1,0,3,4,3,0,0,0,0,0
0,0,0,1,0,0,0,0,2,19,1,1,1,1,1,1
1,1,0,1,1,0,0,0,4,25,10,1,1,0,0,1
0,0,0,1,1,0,0,1,8,47,10,1,1,1,1,1
0,0,0,1,0,0,0,0,3,4,3,0,0,0,0,0
0,0,0,0,0,0,1,0,1,3,2,1,0,0,0,0
0,0,0,0,0,0,1,0,1,3,4,0,0,0,0,0
0,0,0,0,0,0,1,0,2,7,2,0,0,0,0,0
0,0,0,0,0,0,1,0,1,9,4,1,0,0,0,0
0,0,0,0,0,0,1,0,3,6,3,0,0,0,0,0
1,1,0,1,1,0,1,1,6,37,7,0,1,0,0,1
0,0,0,1,0,0,1,0,3,0,2,0,0,0,0,0
0,0,0,0,0,0,1,0,1,0,3,0,0,0,0,0
0,0,0,0,0,0,1,0,1,6,1,0,0,0,1,0
0,1,0,1,1,0,0,0,9,9,11,1,0,0,1,1
0,0,0,0,0,0,0,0,2,8,0,0,1,0,0,0
0,0,0,0,0,0,1,0,2,5,1,0,0,0,0,0
0,1,0,1,0,0,0,0,6,18,7,0,1,1,1,1
0,0,0,1,0,0,1,0,2,2,1,0,0,0,0,0
0,1,0,1,1,0,1,0,3,7,3,0,0,0,1,0
0,0,0,1,0,0,1,0,3,9,2,0,0,0,0,0
0,0,0,0,1,0,1,0,1,1,2,0,0,0,0,0
0,0,0,0,0,0,1,0,1,9,4,0,0,0,0,0
0,0,1,1,1,0,0,1,8,10,12,1,0,0,0,1
0,1,0,1,1,0,0,1,7,25,12,1,1,1,1,1
1,0,1,1,1,0,0,0,7,21,7,1,1,0,1,1
0,0,0,0,0,0,0,0,1,0,0,0,1,0,0,0
0,0,0,0,0,0,0,0,2,0,0,0,1,0,0,0
0,0,0,1,0,0,1,0,3,2,0,0,0,0,1,0
0,0,0,1,1,0,0,0,5,47,14,0,1,0,1,1
0,0,0,0,0,0,1,0,1,6,4,0,0,0,0,0
0,0,0,0,0,0,1,0,2,6,4,0,1,0,0,0
1,1,0,1,1,0,1,0,8,2,9,0,1,1,0,1
0,0,0,0,1,0,1,0,3,9,2,1,0,0,0,0
0,0,0,1,1,0,1,1,2,44,7,1,1,1,0,1
0,0,0,1,1,0,0,0,5,21,12,0,1,0,0,1
0,1,0,1,0,1,0,1,9,43,10,0,0,0,0,1
0,0,0,0,0,0,1,0,1,0,4,0,0,0,0,0
0,0,0,0,0,0,1,0,1,4,4,0,0,0,0,0
0,0,0,0,0,0,1,0,2,4,3,0,0,0,0,0
0,0,0,0,0,0,1,0,3,8,3,0,0,0,0,0
0,0,0,0,0,1,1,1,3,9,2,0,0,0,0,0
0,0,0,0,0,0,1,1,3,7,0,0,0,0,0,0
0,0,0,0,0,0,1,0,3,9,2,1,0,0,0,0
0,1,0,1,1,0,0,1,8,32,12,1,1,0,1,1
0,0,0,0,1,0,1,0,1,9,0,0,0,0,0,0
1,1,0,1,1,1,0,1,5,27,3,1,1,0,0,1
0,0,0,0,0,0,1,0,1,3,0,0,0,0,0,0
0,0,0,1,0,0,1,0,1,6,4,0,0,0,0,0
0,0,0,0,0,0,1,0,3,2,0,0,0,0,0,0
1,1,1,1,1,0,0,1,9,7,6,1,1,0,1,1
1,1,0,0,1,0,0,0,1,16,1,1,1,0,0,1
0,0,0,1,1,0,1,0,6,26,12,1,1,1,0,1
0,1,0,1,1,0,0,0,9,19,7,0,1,0,1,1
0,0,0,0,0,0,1,0,2,0,2,0,0,0,0,0
0,1,0,1,1,0,1,0,8,15,8,1,1,0,1,1
0,1,0,0,0,0,1,0,3,8,1,0,0,0,0,0
0,0,0,0,1,0,1,1,2,9,2,0,0,0,0,0
1,1,0,1,0,0,0,0,6,26,3,0,1,1,0,1
0,1,0,0,1,0,0,0,4,49,3,0,1,1,0,1
0,0,0,1,1,0,1,1,7,40,3,0,1,1,1,1
0,0,0,1,1,1,0,0,8,23,5,1,1,1,0,1
1,0,0,1,1,1,0,0,5,14,1,1,1,0,1,1
1,0,0,1,0,1,1,0,1,33,12,0,1,1,0,1
0,0,0,1,0,0,0,0,6,31,4,1,1,0,0,1
0,0,0,0,0,0,0,0,6,12,12,1,1,1,0,1
0,0,0,0,0,0,1,1,1,6,1,0,0,0,0,0
1,1,0,0,0,0,0,0,9,35,8,0,1,1,0,1
1,0,0,1,0,0,0,1,9,39,3,1,0,1,0,1
0,0,0,0,0,0,0,0,2,1,1,0,0,0,0,0
0,0,0,1,0,1,1,0,9,0,2,1,1,0,0,1
0,0,0,0,0,0,1,1,3,1,2,0,0,0,0,0
0,0,0,1,0,0,1,0,1,8,0,0,0,0,0,0
0,0,0,1,0,0,0,0,2,23,2,1,1,0,0,1
0,0,0,0,0,0,1,0,1,5,4,0,0,0,0,0
0,1,0,0,0,0,1,0,1,7,2,0,0,0,0,0
0,0,0,0,0,0,1,0,3,8,2,0,0,0,0,0
0,0,0,0,0,0,1,0,3,9,1,0,0,0,0,0
1,0,0,1,1,1,0,0,4,4,6,1,1,1,1,1
0,0,0,0,0,0,0,0,3,2,4,0,0,0,0,0
0,1,0,1,1,0,1,0,7,28,13,0,1,0,0,1
0,0,0,1,0,0,1,0,3,1,2,0,0,0,0,0
0,0,0,1,0,0,1,0,1,2,3,0,0,0,0,0
0,0,0,0,0,0,1,0,2,3,0,0,0,0,0,0
0,0,0,0,0,0,1,0,3,9,4,0,0,0,0,0
0,1,1,1,1,0,0,0,3,44,7,1,1,0,0,1
0,1,0,1,1,0,0,0,5,47,2,1,1,1,1,1
0,0,0,0,0,0,1,0,2,1,3,0,0,0,0,0
0,1,0,1,1,0,0,0,2,8,4,0,0,0,0,0
0,0,1,1,0,0,0,0,5,21,2,1,1,1,0,1
0,0,0,0,0,0,1,0,3,8,4,0,0,0,0,0
0,0,0,0,0,0,1,1,1,0,3,0,0,0,0,0
0,0,0,1,0,0,1,0,1,7,1,0,0,0,0,0
1,1,0,0,1,0,1,0,7,39,5,0,1,1,1,1
0,1,0,0,1,0,1,0,8,26,5,1,1,0,1,1
0,1,0,1,1,0,1,1,3,40,9,0,1,0,0,1
0,0,0,0,0,0,1,0,3,1,4,0,0,0,0,0
0,0,0,0,0,0,1,0,3,0,0,0,1,0,0,0
1,1,0,1,1,0,0,0,6,21,8,1,1,0,0,1
0,1,0,1,1,1,0,0,7,26,8,1,1,1,1,1
0,1,0,1,1,0,0,0,7,2,9,1,1,0,0,1
0,1,0,0,1,1,0,0,3,46,9,1,1,0,1,1
0,0,0,0,0,0,1,0,1,6,3,0,0,0,0,0
0,0,0,0,0,0,0,1,2,31,8,0,1,0,0,1
0,0,0,0,0,0,0,0,2,3,4,0,0,0,0,0
0,1,0,1,0,0,0,0,7,18,9,1,1,0,1,1
0,0,0,1,0,0,1,0,3,0,1,0,0,0,0,0
1,1,1,1,0,0,0,0,7,27,5,1,1,1,1,1
0,0,0,1,0,1,0,1,1,11,9,1,1,0,0,1
0,0,0,0,1,0,0,1,2,19,3,1,1,1,1,1
1,1,0,1,0,1,0,0,6,29,4,0,1,1,0,1
0,0,0,0,0,0,1,0,1,8,2,0,0,0,0,0
0,1,0,1,1,0,1,0,2,40,9,1,1,0,1,1
0,0,0,0,0,0,1,1,1,9,1,0,0,0,0,0
0,0,0,0,0,0,1,0,2,5,1,0,0,0,1,0
0,0,0,0,0,0,1,1,2,5,0,0,0,0,0,0
0,0,0,0,0,0,1,0,2,9,0,0,0,0,0,0
0,0,1,0,0,0,1,0,1,36,1,1,1,0,1,1
0,0,0,0,0,1,1,0,1,7,0,0,0,0,0,0
0,0,0,1,0,0,1,0,2,5,4,0,0,0,0,0
0,1,0,0,0,0,0,0,2,7,3,0,0,0,0,0
1,1,1,1,0,0,0,1,8,27,2,0,1,1,0,1
0,1,0,1,1,0,1,0,7,15,13,1,1,0,0,1
0,1,1,1,0,0,1,0,8,34,4,1,1,0,0,1
1,0,0,1,0,0,1,1,9,14,5,0,1,0,0,1
0,1,0,0,0,0,1,0,1,1,2,0,0,0,0,0
0,0,0,0,0,0,1,0,3,9,0,0,0,0,0,0
0,1,0,1,1,0,0,0,8,39,6,1,1,1,0,1
0,0,0,0,0,0,1,1,2,3,2,0,0,0,0,0
0,0,0,0,0,0,1,0,1,4,0,0,0,0,0,0
0,0,0,0,0,0,1,1,1,6,1,0,0,0,0,0
0,0,0,1,0,1,0,1,1,8,0,1,1,0,1,1
0,0,0,0,1,1,0,0,6,0,6,0,1,1,1,1
0,0,0,1,0,0,1,0,1,0,4,0,0,0,0,0
0,1,0,1,0,0,1,1,3,12,0,1,0,1,1,1
0,0,1,1,0,0,0,0,1,4,6,1,1,0,1,1
0,0,0,0,1,0,0,0,5,17,9,1,1,0,1,1
0,0,0,1,1,0,0,0,3,44,11,1,1,1,0,1
0,0,0,1,1,0,0,0,1,28,1,1,1,1,0,1
0,0,0,0,0,0,1,0,2,3,3,0,0,0,0,0
0,0,0,0,1,0,0,0,5,43,1,0,1,0,1,1
0,0,0,0,0,0,1,0,2,5,1,0,0,0,0,0
0,0,0,0,0,0,0,0,1,6,4,0,0,0,0,0
0,1,0,1,1,0,1,1,3,3,8,0,1,0,0,1
0,0,0,0,0,0,1,0,2,8,4,0,0,0,0,0
0,0,0,0,0,0,1,0,1,7,1,0,0,0,0,0
0,0,0,0,0,0,1,0,3,6,4,0,0,0,0,0
0,1,0,1,1,0,0,1,2,21,3,0,1,1,1,1
0,1,0,0,1,0,0,0,2,22,0,0,1,0,1,1
0,0,0,0,0,0,1,0,1,9,1,0,0,0,0,0
1,1,0,1,1,1,0,0,3,28,3,1,1,0,0,1
0,0,0,0,1,1,0,0,7,0,8,1,1,0,0,1
0,1,1,1,1,0,1,0,4,20,0,0,1,1,1,1
1,1,0,1,0,0,0,0,5,2,3,1,1,1,0,1
0,0,0,0,0,0,1,0,3,5,4,0,0,0,0,0
0,0,0,0,0,0,1,0,1,5,4,0,0,0,0,0
0,1,1,1,1,0,0,0,3,48,10,1,1,1,1,1
0,0,0,1,1,0,0,0,9,2,5,1,1,1,1,1
0,0,0,0,0,0,1,1,1,8,2,0,0,0,0,0
0,0,0,0,0,0,1,0,2,8,1,0,0,0,0,0
0,1,0,1,1,0,0,1,7,48,9,0,1,0,1,1
0,0,0,0,0,0,0,0,1,6,0,0,0,0,0,0
0,1,1,1,0,0,0,0,2,21,1,1,1,1,0,1
0,1,1,1,1,1,0,0,1,34,9,1,1,1,0,1
0,1,0,0,0,0,1,0,2,9,2,0,0,0,0,0
0,0,0,0,0,0,1,0,1,3,1,0,0,0,1,0
1,1,0,0,1,1,0,0,9,37,12,0,1,1,1,1
0,1,0,1,1,0,0,0,3,25,8,0,0,0,0,1
0,0,0,0,0,0,1,0,3,1,1,0,0,0,0,0
1,0,0,1,0,0,0,0,9,23,4,0,1,1,1,1
0,0,0,0,0,0,1,0,2,1,2,0,0,0,0,0
1,1,1,1,1,0,0,0,3,49,9,1,1,0,1,1
0,1,0,0,0,0,0,0,1,5,4,0,0,0,0,0
0,1,0,0,0,0,1,0,2,5,1,0,0,0,0,0
0,0,0,0,1,0,1,0,3,6,1,0,0,0,0,0
0,1,1,1,1,0,0,0,6,47,0,1,1,0,1,1
1,0,0,1,0,0,0,0,5,44,7,0,1,1,0,1
0,0,0,0,0,0,1,0,2,7,1,0,0,0,0,0
1,1,0,1,1,0,0,1,5,26,9,0,1,0,0,1
0,0,0,0,0,0,1,1,1,8,4,1,0,0,0,0
0,0,0,1,0,0,0,0,3,1,4,0,0,0,0,0
0,0,0,1,1,0,0,0,3,4,12,0,1,0,1,1
1,1,0,0,0,0,1,0,8,32,7,1,1,1,0,1
0,0,0,1,0,0,1,0,3,1,4,1,1,0,0,0
0,0,0,1,1,0,0,0,3,25,1,1,1,0,0,1
0,1,0,1,1,0,0,0,2,22,13,1,1,0,0,1
0,0,0,0,0,0,1,0,1,9,4,0,0,0,0,0
0,0,0,0,1,0,1,0,3,3,0,0,0,0,0,0
1,0,0,1,1,0,1,0,6,6,13,1,1,0,0,1
0,0,0,0,0,0,1,0,2,1,4,0,0,1,0,0
0,0,0,0,1,0,1,0,3,2,3,0,0,0,0,0
0,0,0,1,1,0,1,0,8,1,10,1,1,1,0,1
0,0,1,0,0,0,1,0,3,6,0,0,0,0,0,0
0,0,0,0,0,0,1,1,1,4,1,0,0,0,0,0
0,1,0,1,1,0,0,0,7,29,11,0,1,0,0,1
0,0,0,0,0,1,0,0,8,0,1,1,1,0,1,1
0,1,0,0,1,0,1,0,2,5,4,0,0,0,0,0
0,0,0,0,0,0,1,0,3,4,1,1,0,0,0,0
0,0,0,1,1,0,0,0,7,6,6,1,0,0,1,1
1,1,0,1,1,0,0,0,8,9,14,0,0,1,1,1
1,1,0,1,0,0,1,0,6,42,10,0,1,0,1,1
0,1,0,1,0,0,1,0,8,44,2,1,0,0,0,1
0,0,0,0,0,0,1,0,2,3,1,0,0,0,0,0
0,1,0,1,1,0,0,0,8,33,14,1,1,0,1,1
0,0,1,1,1,0,0,0,9,12,0,0,1,0,1,1
0,0,0,0,1,0,1,0,2,6,0,0,0,0,0,0
0,1,1,1,0,0,1,0,7,11,6,0,1,1,1,1
0,0,0,0,0,0,1,0,1,1,3,0,0,0,0,0
1,1,0,1,1,0,0,0,5,47,9,1,1,0,0,1
0,1,0,1,1,0,0,0,1,26,0,1,1,0,0,1
0,1,1,1,1,0,1,0,3,7,5,1,1,1,0,1
0,0,0,0,0,0,1,0,2,9,3,0,0,0,0,0
0,1,0,0,0,0,1,0,1,5,2,0,0,1,0,0
1,1,0,1,0,0,1,0,1,30,10,1,1,1,0,1
0,1,0,0,0,0,1,0,2,0,2,0,0,0,0,0
0,1,0,0,0,0,1,0,2,3,4,0,0,0,0,0
0,0,0,1,0,0,1,0,1,0,3,0,0,0,0,0
0,0,0,0,0,0,1,1,3,8,3,0,0,0,0,0
0,1,0,0,0,0,1,0,3,1,0,0,0,0,0,0
0,0,1,0,0,0,1,0,2,7,4,0,1,0,0,0
0,1,0,1,1,0,0,1,1,0,2,0,1,1,0,1
0,0,0,0,0,0,0,0,5,16,5,1,1,1,0,1
0,0,0,0,0,0,1,0,1,4,3,0,1,0,0,0
1,1,0,1,1,0,0,0,9,13,7,1,1,0,0,1
1,0,0,1,1,0,1,0,9,33,9,0,1,1,1,1
0,0,0,0,1,0,0,0,8,23,5,1,1,0,1,1
0,1,0,1,1,0,0,0,2,40,9,0,1,1,0,1
0,0,0,0,0,0,1,0,2,5,0,0,0,0,0,0
0,0,0,1,1,0,0,0,1,18,1,0,1,0,0,1
1,0,0,1,1,1,0,1,7,12,7,1,1,0,0,1
0,0,0,0,0,0,1,0,3,3,1,0,0,0,0,0
0,0,0,0,0,0,1,0,3,8,1,0,0,0,0,0
0,0,0,1,0,0,0,0,7,15,4,1,1,1,1,1
0,1,0,0,1,1,0,0,9,9,7,0,1,1,0,1
1,1,0,1,1,0,1,1,5,8,11,1,1,1,0,1
0,1,0,1,0,0,1,0,1,32,2,1,0,1,1,1
0,1,0,1,0,0,1,0,3,39,5,1,1,1,0,1
0,1,0,1,1,1,1,1,1,33,6,1,1,0,0,1
0,0,0,0,0,0,0,0,2,2,4,0,0,0,0,0
0,0,0,0,0,0,0,0,4,35,5,1,1,1,1,1
1,1,0,1,0,0,0,1,8,47,1,0,1,1,1,1
0,0,0,0,1,0,1,0,2,8,2,0,0,0,0,0
0,0,0,0,0,0,1,0,1,7,2,0,0,0,1,0
0,0,0,0,0,0,1,0,1,4,1,0,0,0,0,0
0,0,0,0,0,0,1,1,2,0,2,0,0,0,1,0
0,1,1,1,0,0,0,0,3,7,11,1,1,1,0,1
0,1,0,1,0,0,1,0,4,7,3,1,1,0,1,1
0,0,0,1,0,0,0,0,6,41,12,1,1,0,0,1
0,1,0,1,1,0,0,0,1,16,7,0,1,1,0,1
1,1,0,0,1,0,0,0,1,32,13,1,1,0,0,1
1,0,0,1,0,0,0,0,6,43,10,0,1,0,0,1
0,0,0,0,0,0,1,0,2,3,4,0,0,0,1,0
0,1,1,1,1,0,0,1,7,18,8,0,1,1,0,1
0,0,0,0,0,0,0,0,1,2,3,0,0,0,0,0
0,0,0,0,0,0,0,0,2,8,4,0,0,0,0,0
0,1,0,1,1,0,1,0,4,31,0,1,1,0,1,1
0,0,0,0,0,0,1,0,1,9,3,0,0,0,0,0
0,0,1,1,0,0,1,0,1,3,14,1,1,1,0,1
0,0,0,0,0,0,1,0,1,8,3,0,0,0,0,0
0,1,0,1,1,0,1,1,6,19,14,0,0,0,1,1
0,0,0,0,0,0,1,0,1,6,1,0,0,0,0,0
1,1,0,1,0,0,0,1,2,25,7,1,1,0,1,1
1,1,0,0,1,0,0,0,9,34,14,1,1,0,1,1
1,0,1,1,0,1,0,0,4,8,4,1,0,1,0,1
0,1,0,0,1,0,1,1,3,18,4,1,0,0,1,1
1,0,0,1,1,0,0,0,3,46,1,0,1,1,1,1
0,0,0,0,0,0,1,1,2,2,1,0,0,0,0,0
0,0,0,0,1,0,1,0,2,5,0,0,0,0,1,0
0,1,0,0,0,0,1,0,1,7,1,0,0,0,0,0
1,0,0,1,0,0,1,1,7,35,1,1,1,0,0,1
0,0,0,0,0,0,1,0,1,3,1,0,0,0,0,0
0,0,1,0,0,0,0,0,5,35,1,0,0,0,1,1
0,1,1,1,0,0,1,0,9,29,8,1,1,1,1,1
0,0,0,0,0,0,1,0,1,1,1,0,0,0,0,0
0,0,0,0,0,0,1,0,1,6,3,0,1,0,0,0
0,1,0,1,1,0,0,0,9,44,2,1,1,0,0,1
0,0,0,1,0,0,1,0,2,2,0,0,0,0,0,0
0,0,0,1,0,0,0,1,7,27,0,1,1,0,1,1
0,1,0,0,1,0,0,0,9,16,6,0,1,0,1,1
0,1,0,1,1,0,0,1,1,6,14,0,1,0,0,1
0,0,1,1,0,0,0,0,6,4,10,0,1,1,0,1
0,1,0,1,1,0,0,0,1,43,9,1,1,0,1,1
0,0,0,0,0,0,1,0,1,9,2,0,0,0,0,0
0,0,0,0,0,0,1,0,1,8,3,0,0,0,0,0
0,1,1,1,1,0,0,0,1,21,13,1,0,1,1,1
1,1,1,1,0,0,0,0,1,12,3,1,0,1,0,1
0,0,0,0,0,0,1,1,3,6,4,0,0,0,0,0
0,0,0,0,0,0,1,0,2,9,1,0,0,0,0,0
0,0,0,1,1,0,0,0,1,41,8,0,1,0,1,1
0,0,0,0,0,0,1,0,3,8,2,0,0,0,0,0
1,1,0,1,1,0,0,1,1,24,5,1,1,0,1,1
0,0,0,0,0,0,1,0,2,2,4,0,0,0,0,0
1,0,1,0,1,0,0,1,4,26,11,1,1,1,1,1
0,0,0,0,0,0,1,0,1,5,0,0,0,0,0,0
1,0,0,1,0,0,0,0,1,46,1,1,1,1,1,1
0,0,0,0,0,0,0,0,1,4,2,0,0,0,0,0
0,0,0,0,0,0,1,0,1,7,1,0,0,0,1,0
0,0,0,1,1,0,0,0,6,16,6,0,1,1,1,1
0,0,0,0,0,0,1,0,1,6,4,0,0,0,0,0
1,1,0,1,0,0,1,1,4,25,9,1,1,0,0,1
0,0,0,0,0,0,1,0,2,7,0,0,0,0,0,0
0,0,0,1,1,0,0,0,7,13,7,0,0,0,1,1
0,0,0,0,0,0,0,1,3,5,1,0,0,0,0,0
0,0,0,1,0,0,0,0,8,21,3,1,1,0,1,1
0,0,0,0,0,0,1,0,3,1,0,0,0,0,1,0
0,1,1,1,1,0,0,1,2,5,1,0,1,0,0,1
0,0,0,0,0,0,1,0,1,5,0,0,1,0,0,0
0,1,0,1,1,0,0,0,7,45,6,0,1,0,1,1
0,0,0,1,1,0,1,0,7,32,14,0,1,0,0,1
0,1,1,1,0,0,0,0,1,24,7,0,1,1,1,1
0,0,0,0,0,0,1,1,3,8,3,0,0,0,0,0
1,0,0,1,1,0,1,0,3,42,1,1,1,0,1,1
0,1,0,0,0,0,1,0,2,6,4,0,0,0,0,0
0,1,0,1,0,0,1,0,2,7,10,1,1,1,1,1
0,0,0,0,0,0,0,0,3,5,2,0,0,0,0,0
0,1,1,1,1,1,0,0,5,34,9,0,1,1,0,1
0,0,0,0,0,0,1,0,3,0,0,0,0,0,0,0
0,0,0,1,0,0,1,0,2,4,0,0,0,0,1,0
0,1,0,1,1,1,0,0,6,40,8,0,1,0,1,1
0,1,0,1,0,0,0,0,3,1,3,1,0,0,0,0
0,1,0,0,0,0,1,1,1,2,4,0,1,0,0,0
1,1,0,1,0,0,0,0,4,9,12,1,1,1,1,1
0,0,0,0,0,0,1,0,1,1,3,0,0,0,1,0
0,0,0,0,0,0,0,0,1,3,2,0,0,0,0,0
0,0,0,0,0,0,1,0,2,4,3,0,0,0,0,0
0,0,0,1,0,0,1,0,7,16,0,0,0,1,0,1
0,0,0,0,0,0,1,1,3,0,2,0,0,0,0,0
0,0,1,0,1,0,0,0,1,19,9,0,1,1,0,1
0,0,0,0,0,0,1,0,1,1,3,0,0,0,0,0
0,0,0,0,0,0,1,0,3,3,1,0,0,0,0,0
0,0,0,0,0,0,1,0,1,1,1,0,1,0,0,0
0,1,0,0,1,0,0,0,9,3,8,0,1,0,1,1
0,0,0,0,0,0,1,0,1,8,4,0,0,0,0,0
0,0,0,0,0,0,1,0,3,1,4,0,0,0,0,0
0,1,0,1,1,0,0,1,1,46,13,0,0,1,0,1
0,0,0,0,0,0,1,0,3,4,0,0,0,0,0,0
0,1,0,1,1,0,0,0,2,36,1,0,1,0,1,1
0,1,0,0,1,1,0,0,1,0,14,1,1,1,1,1
0,0,0,0,0,0,1,0,1,9,4,0,0,0,0,0
0,0,0,1,1,0,0,1,5,4,13,1,1,1,1,1
0,0,0,0,0,0,1,0,2,1,1,0,0,0,0,0
1,1,0,0,0,0,0,1,7,11,3,1,1,0,1,1
0,0,1,1,0,0,0,0,2,44,7,1,1,0,1,1
0,0,0,0,0,0,1,0,1,4,4,0,0,1,0,0
0,0,0,1,0,0,0,1,3,18,14,1,1,1,1,1
1,1,1,1,0,0,0,0,9,23,7,1,1,0,1,1
1,1,1,0,0,0,0,0,4,7,7,1,1,1,1,1
0,0,0,1,1,1,0,0,5,13,10,1,1,1,1,1
0,1,0,1,1,1,0,0,5,20,3,1,1,1,1,1
0,0,0,0,0,0,1,0,3,7,2,0,0,0,0,0
0,1,0,1,1,0,0,1,6,23,2,1,1,0,1,1
0,0,0,0,0,0,1,0,1,3,4,0,0,0,0,0
1,0,0,0,0,0,0,1,3,31,4,1,1,1,0,1
0,0,0,0,0,0,1,0,1,7,3,0,0,0,0,0
0,0,0,0,0,0,1,0,2,0,1,0,0,0,0,0
1,0,0,1,1,0,1,1,1,13,10,1,1,0,1,1
1,0,0,0,0,1,0,0,6,32,9,1,1,0,0,1
1,1,0,1,0,0,0,0,4,39,0,1,1,0,1,1
1,0,0,0,0,0,1,1,1,5,4,0,0,1,1,0
1,1,1,0,0,0,0,0,5,12,2,1,1,1,0,1
0,0,0,0,0,0,0,0,3,8,4,0,0,0,0,0
0,0,0,0,0,0,1,0,3,6,3,0,1,1,0,0
0,0,1,0,0,0,1,0,3,8,4,0,0,0,0,0
0,0,0,1,1,0,0,0,2,20,5,1,1,0,0,1
0,1,1,1,1,0,1,1,5,14,14,0,1,1,1,1
0,0,0,0,0,0,0,0,2,6,1,0,0,0,0,0
0,0,0,0,0,0,1,0,2,9,2,0,0,0,0,0
0,1,0,1,1,0,0,0,6,46,9,0,0,0,0,1
0,0,0,0,0,0,1,0,1,8,0,0,0,0,0,0
0,1,0,1,1,0,0,0,4,25,9,1,1,0,0,1
0,0,0,0,0,0,1,1,2,3,1,0,0,0,0,0
0,0,1,1,1,1,0,0,3,3,5,0,1,0,0,1
0,0,0,0,0,0,1,0,3,0,3,0,0,0,0,0
1,1,1,1,0,0,0,1,5,34,9,1,0,0,0,1
0,0,0,0,0,0,1,0,1,3,1,0,0,0,0,0
0,0,1,1,0,0,0,0,7,45,13,0,1,0,1,1
1,1,1,1,1,0,0,1,6,9,2,0,1,0,0,1
0,0,0,0,0,0,1,0,2,8,0,0,0,0,0,0
0,0,0,0,0,0,1,0,2,4,4,0,0,0,0,0
0,0,0,1,1,0,0,0,8,1,3,1,1,0,1,1
0,0,1,0,0,0,1,0,1,6,2,0,0,0,0,0
1,0,0,1,1,0,1,1,6,9,10,0,1,1,1,1
0,0,0,0,0,0,1,0,1,0,0,0,0,0,0,0
0,1,1,1,1,0,1,0,7,16,8,1,1,1,0,1
0,0,0,1,1,0,1,1,5,7,2,1,1,1,1,1
0,0,1,1,0,0,1,0,1,44,9,1,1,0,0,1
0,0,0,1,0,0,0,1,7,8,14,0,1,0,1,1
0,1,0,1,1,0,0,0,9,37,9,1,1,0,1,1
0,1,0,1,1,0,0,1,5,24,8,0,1,0,0,1
0,1,0,0,0,0,1,0,1,7,0,0,0,0,0,0
0,0,0,0,1,0,1,0,1,6,1,0,0,0,0,0
0,0,0,0,0,0,0,0,1,0,4,0,0,0,0,0
0,1,0,1,0,0,0,0,8,27,12,1,1,1,1,1
0,1,0,1,1,0,0,0,4,22,11,0,1,0,1,1
0,1,1,1,1,0,0,0,1,19,8,1,1,0,0,1
0,0,0,0,0,1,0,0,3,18,2,0,1,0,1,1
0,0,0,0,0,0,1,0,1,3,1,0,0,0,0,0
0,0,0,1,0,0,0,0,2,3,1,0,0,0,0,0
0,1,1,1,0,0,0,1,5,23,14,0,1,0,0,1
0,0,0,0,0,0,1,0,3,1,3,0,0,0,0,0
0,0,0,0,0,0,1,0,1,7,3,0,0,0,0,0
1,0,0,1,1,0,0,0,7,5,1,1,1,0,0,1
0,0,0,0,0,0,1,0,3,7,3,0,0,0,0,0
1,1,0,1,1,1,0,0,7,45,3,0,1,1,0,1
0,0,0,0,0,0,1,0,3,8,4,0,0,0,0,0
0,1,0,0,1,0,0,0,9,5,1,1,1,0,0,1
0,1,0,0,0,0,0,1,1,36,3,0,1,1,1,1
0,1,0,0,1,0,0,1,5,40,12,1,1,0,1,1
1,1,0,1,1,0,0,0,7,35,13,1,1,0,0,1
0,1,0,0,0,0,0,0,3,5,2,0,0,0,0,0
0,1,0,1,1,0,1,0,9,24,9,0,1,0,0,1
1,0,0,1,0,0,0,1,6,27,4,0,1,0,0,1
0,1,0,1,1,0,1,1,6,18,10,1,1,0,1,1
0,0,0,0,0,0,1,0,2,7,4,0,0,0,0,0
1,1,0,1,1,0,1,1,9,35,12,1,1,0,0,1
0,0,0,0,1,0,1,0,1,3,0,0,0,0,0,0
0,0,0,0,1,0,0,1,9,41,3,1,1,1,1,1
0,0,0,0,1,0,0,1,3,6,1,0,0,0,0,0
0,0,0,0,0,0,1,0,1,8,0,0,0,1,0,0
1,1,1,0,1,1,0,0,9,43,5,1,1,0,1,1
0,0,0,0,0,0,1,0,3,7,1,0,0,0,0,0
0,1,1,1,0,0,0,0,7,6,7,1,1,0,0,1
0,1,0,1,0,0,0,0,7,47,2,1,1,0,0,1
0,1,0,1,0,0,0,0,1,48,9,0,1,1,1,1
0,0,0,0,0,0,1,0,3,4,3,0,0,0,1,0
0,0,1,0,0,0,1,0,2,5,1,0,0,1,0,0
0,1,0,0,1,1,0,0,8,9,8,1,1,1,0,1
0,1,0,1,0,0,0,0,7,15,5,1,1,0,0,1
0,0,0,0,0,0,1,0,1,2,0,0,0,0,0,0
0,1,0,1,1,0,0,0,6,20,7,1,1,0,1,1
0,1,0,1,0,0,0,0,2,16,0,0,1,1,0,1
0,0,0,1,1,0,0,0,2,36,8,1,0,1,0,1
0,0,0,0,0,0,1,0,3,6,3,0,0,0,0,0
0,0,0,0,1,0,1,0,1,0,1,0,0,0,0,0
0,0,0,0,0,0,1,0,1,1,0,0,0,0,0,0
0,1,0,0,0,0,0,0,5,12,1,1,0,0,0,1
1,1,0,1,1,0,0,1,5,9,7,0,1,0,1,1
0,1,0,1,0,0,0,1,8,27,6,0,1,1,1,1
0,0,0,0,0,0,1,0,3,2,0,0,0,0,0,0
0,1,0,0,1,0,0,0,8,23,0,1,0,0,0,1
0,1,1,1,1,0,1,0,5,23,9,0,1,1,1,1
0,1,1,1,1,0,0,0,1,21,12,1,1,1,1,1
0,1,0,1,1,0,0,1,4,13,3,0,1,0,0,1
0,0,0,0,0,0,1,0,3,7,3,0,0,0,0,0
0,0,0,0,0,0,1,0,1,1,0,0,0,0,0,0
0,1,0,1,1,0,0,1,8,45,4,1,1,0,0,1
0,0,0,0,0,0,1,0,1,8,2,0,0,0,0,0
0,0,0,0,0,0,1,0,2,2,1,0,0,0,0,0
1,0,0,1,0,1,1,1,8,31,5,1,1,0,1,1
0,0,0,1,1,0,0,0,4,16,4,0,1,1,1,1
0,0,0,0,0,0,1,0,1,8,3,0,1,0,0,0
1,1,0,0,1,0,0,1,4,49,10,0,1,0,0,1
0,0,0,0,0,0,1,0,1,5,2,1,0,0,0,0
0,0,0,1,1,1,0,0,7,40,5,0,1,1,0,1
0,0,0,0,0,0,0,0,1,5,1,0,0,0,0,0
0,1,0,0,1,0,1,1,7,40,4,1,1,1,0,1
0,0,0,0,0,0,0,0,1,7,1,0,0,0,1,0
0,0,0,0,0,0,1,0,2,1,3,0,0,0,0,0
0,0,0,0,0,0,1,0,2,3,3,0,0,0,0,0
0,0,0,1,1,1,0,0,1,39,0,1,1,0,0,1
1,0,0,0,0,0,0,0,3,9,0,0,0,0,1,0
0,0,0,0,0,0,1,0,2,8,1,0,0,0,0,0
0,1,1,1,1,0,0,1,8,37,11,1,1,0,1,1
0,0,1,1,0,0,0,0,5,21,14,1,1,0,1,1
0,1,0,0,0,0,1,0,3,0,1,0,1,0,0,0
0,0,0,0,0,0,1,0,3,8,0,0,0,0,0,0
0,1,0,1,1,0,0,1,8,38,7,1,0,0,1,1
0,1,0,1,1,1,0,1,3,42,4,0,1,0,1,1
0,0,0,1,1,0,0,1,4,15,12,1,1,0,1,1
0,1,0,1,1,0,0,0,8,26,14,1,1,1,1,1
1,1,1,0,0,0,0,0,2,26,6,0,1,0,1,1
0,0,0,0,0,0,1,0,3,3,3,0,1,1,0,0
0,0,0,1,1,0,0,0,4,21,14,0,1,0,0,1
0,0,0,0,0,0,1,0,1,7,3,0,0,0,0,0
0,0,0,0,0,0,1,0,1,6,3,0,0,0,0,0
0,0,0,0,1,0,1,0,2,7,0,0,0,0,0,0
0,1,0,1,1,0,0,0,7,17,11,1,1,0,1,1
0,0,0,0,0,0,1,0,3,4,1,0,0,0,0,0
0,0,0,0,0,0,0,0,1,8,4,0,0,0,0,0
0,1,0,1,0,0,0,0,4,41,4,1,1,1,1,1
0,0,0,0,0,0,1,0,1,4,3,0,0,0,0,0
0,0,0,0,0,0,1,0,1,4,2,0,0,1,0,0
0,1,0,1,0,0,0,1,9,30,8,0,1,1,0,1
0,0,0,0,1,0,1,0,3,6,2,0,0,0,0,0
0,0,0,1,0,0,1,0,3,4,1,0,1,0,0,0
0,0,0,0,0,0,1,0,1,7,4,0,1,0,0,0
0,1,0,1,1,0,0,0,6,6,14,1,1,0,1,1
0,1,1,1,1,0,1,0,5,47,0,0,1,0,1,1
0,1,0,1,0,0,0,1,1,31,8,1,1,1,1,1
0,0,0,0,0,0,1,0,2,9,0,0,0,0,0,0
0,1,0,0,0,0,1,0,1,2,4,0,0,0,0,0
1,1,1,1,0,0,1,0,6,15,11,0,1,0,0,1
0,0,0,0,0,0,0,0,2,5,0,0,0,0,0,0
0,0,0,0,0,0,1,0,3,8,0,0,0,0,0,0
0,0,0,1,0,0,0,0,9,46,6,1,1,0,1,1
1,1,0,1,1,0,0,0,5,40,13,1,1,1,0,1
0,0,0,0,0,0,1,0,3,9,2,0,0,0,0,0
0,0,0,0,0,0,0,0,3,2,4,0,0,0,0,0
0,0,0,0,0,0,0,0,3,6,0,0,0,0,0,0
1,1,0,1,1,0,0,1,9,18,0,1,1,0,0,1
1,0,1,1,1,0,0,0,5,2,13,0,1,1,0,1
0,1,0,0,1,0,0,1,7,15,14,0,1,0,0,1
0,1,0,1,1,0,0,0,6,26,5,0,1,1,1,1
0,0,0,0,0,0,1,0,2,4,0,0,1,0,0,0
1,0,0,1,1,0,0,0,3,44,6,1,1,0,1,1
1,1,0,1,1,1,0,1,6,21,12,1,1,0,0,1
0,0,0,1,0,0,0,0,6,19,14,1,1,0,1,1
0,0,0,1,1,0,0,0,3,8,5,0,1,0,1,1
0,1,0,1,1,0,1,0,6,46,13,1,1,1,0,1
0,0,0,1,0,0,1,0,3,9,3,1,0,0,0,0
0,0,0,0,0,0,1,1,1,5,2,0,0,0,0,0
0,0,0,1,1,0,0,1,2,38,10,0,1,0,1,1
0,0,0,0,0,0,1,0,1,8,1,0,0,0,1,0
0,0,0,0,1,1,0,0,7,5,8,0,1,0,1,1
0,0,0,1,1,1,0,0,7,11,11,1,1,0,0,1
0,0,0,0,0,0,1,0,2,6,2,0,0,0,0,0
0,1,0,0,1,0,0,1,2,7,1,0,0,0,1,0
0,0,0,0,1,1,0,1,4,16,4,0,1,0,1,1
0,1,0,1,0,0,0,1,4,28,0,1,0,0,0,1
0,0,1,1,1,0,0,0,5,5,9,0,1,0,1,1
0,0,0,0,0,0,1,0,2,2,0,0,0,0,0,0
0,1,0,1,1,1,0,0,1,38,11,1,0,0,1,1
0,1,1,0,0,0,0,0,5,10,9,0,1,0,1,1
0,0,0,1,1,0,0,0,9,15,9,1,0,1,1,1
0,0,0,0,0,0,1,0,2,5,4,0,0,0,0,0
0,1,0,0,1,0,1,1,9,13,4,0,1,0,0,1
1,1,0,1,1,0,0,0,9,17,2,0,1,1,0,1
0,1,1,0,0,0,1,0,2,3,4,0,0,0,0,0
0,1,0,1,1,0,1,0,3,23,11,0,0,0,0,1
0,1,0,1,1,0,0,0,8,36,12,0,0,1,0,1
0,0,0,0,0,0,1,0,2,1,3,0,0,0,1,0
1,0,0,0,0,0,0,1,2,20,5,0,0,0,1,1
0,0,0,0,0,0,1,0,3,8,3,0,0,0,0,0
0,0,0,0,0,0,1,0,2,1,3,0,0,0,0,0
0,1,0,1,1,0,0,0,9,20,11,0,1,0,0,1
0,1,0,1,1,1,0,1,8,46,2,1,1,0,1,1
0,1,0,0,1,0,1,0,9,42,3,0,1,0,0,1
1,1,0,1,0,1,0,0,1,2,4,0,1,0,0,1
0,0,0,0,0,0,0,0,2,3,3,0,0,0,1,0
1,0,0,0,1,0,0,0,1,4,1,0,1,0,0,1
0,0,0,0,0,0,0,0,2,8,4,0,0,0,0,0
1,0,0,1,1,0,0,0,3,12,14,0,1,1,0,1
1,1,0,1,1,0,0,0,3,14,2,1,1,0,0,1
1,0,0,1,1,0,0,0,2,32,10,0,0,0,1,1
0,1,0,0,0,0,1,0,3,4,2,0,0,0,0,0
1,1,0,1,1,0,0,0,8,31,9,1,1,0,0,1
0,1,0,0,0,0,1,0,2,18,14,0,1,0,1,1
0,1,1,0,1,0,0,0,3,47,14,0,1,1,1,1
0,1,0,1,1,0,0,1,9,35,4,1,1,0,0,1
0,1,0,0,0,0,0,0,2,3,4,0,0,0,0,0
0,1,0,1,1,0,0,0,6,11,3,0,1,1,0,1
0,0,0,1,0,0,1,0,3,9,4,0,0,0,0,0
0,0,0,0,0,0,1,0,3,5,2,0,0,0,0,0
0,0,0,0,0,0,1,1,1,7,4,0,0,0,0,0
0,0,0,0,0,0,1,0,2,6,4,0,0,0,0,0
0,0,0,0,0,0,1,1,2,7,1,0,0,0,0,0
0,1,0,0,0,0,1,0,3,8,0,0,0,0,0,0
0,0,0,1,1,0,1,1,5,15,7,1,1,1,1,1
0,0,0,0,0,0,0,1,2,2,2,0,0,0,0,0
0,0,0,0,0,0,1,0,3,9,1,0,0,0,0,0
0,1,0,0,0,0,0,0,3,7,3,0,0,0,0,0
0,1,0,1,1,0,0,0,1,48,9,0,1,0,0,1
0,0,0,1,1,1,0,0,2,21,2,1,1,0,1,1
0,1,0,0,0,1,1,0,3,9,2,0,0,0,1,0
0,1,0,1,1,0,1,1,4,37,7,1,1,0,1,1
0,0,0,0,0,0,1,0,1,6,0,0,0,0,0,0
0,0,0,1,0,0,1,0,2,4,2,0,0,1,0,0
0,1,0,1,1,1,0,0,9,36,3,1,1,0,0,1
0,0,0,0,0,0,1,0,3,6,1,0,0,0,0,0
1,1,0,0,1,0,0,1,4,27,14,1,1,0,0,1
0,1,0,1,1,0,0,1,9,11,13,0,1,0,1,1
0,0,0,0,0,0,1,0,1,6,2,0,1,0,0,0
0,0,0,0,1,0,1,0,3,1,1,0,0,0,0,0
0,1,1,0,1,0,0,1,4,43,1,1,1,0,0,1
0,0,0,0,0,0,1,0,3,7,0,0,0,0,0,0
0,0,0,0,0,0,1,0,3,9,2,0,0,0,0,0
0,0,0,0,1,0,1,0,2,2,3,0,0,0,0,0
0,0,0,1,1,0,1,0,1,4,3,1,1,0,1,1
0,1,0,1,0,0,1,0,3,21,14,0,1,1,0,1
0,1,0,0,0,0,1,0,1,8,3,0,0,0,0,0
0,1,0,1,0,0,0,0,9,37,11,1,1,1,1,1
0,1,0,0,1,0,0,1,3,45,12,0,1,1,1,1
1,1,0,1,1,1,0,1,6,35,3,1,0,0,1,1
1,1,0,1,0,0,0,0,2,33,9,0,1,0,1,1
0,1,0,1,1,0,0,1,4,8,6,0,1,1,1,1
0,0,0,0,0,0,1,1,2,7,0,0,0,0,0,0
0,0,0,0,0,0,1,0,1,2,3,0,0,0,0,0
0,0,0,0,0,0,1,0,1,1,3,0,0,0,0,0
0,0,1,1,0,0,0,0,1,3,11,1,1,0,0,1
0,1,1,1,1,0,0,0,3,7,6,1,1,1,1,1
0,0,0,1,0,0,1,0,1,9,3,0,0,1,0,0
1,0,0,1,1,0,0,1,4,13,2,0,1,1,0,1
0,0,0,0,0,0,1,1,3,2,2,0,0,0,1,0
0,0,0,0,0,0,1,0,1,3,2,0,0,0,0,0
0,1,0,0,0,0,1,1,3,9,4,0,0,0,0,0
0,1,0,1,0,1,1,0,8,30,14,1,1,0,0,1
0,0,0,1,1,0,1,1,8,23,10,0,0,1,1,1
0,0,0,0,0,0,1,0,1,1,0,0,0,0,0,0
0,0,0,1,0,0,1,0,3,8,0,0,0,0,0,0
0,0,0,1,0,0,1,0,2,4,3,0,0,0,0,0
0,0,0,0,0,0,1,0,2,3,4,0,0,0,0,0
0,1,0,0,0,0,0,1,6,11,10,0,1,1,1,1
0,0,0,1,1,0,0,0,2,2,3,0,0,1,0,1
0,0,0,0,0,0,1,0,1,4,1,0,0,0,0,0
0,0,0,0,0,0,1,0,3,3,2,0,0,0,0,0
0,1,1,0,0,1,0,1,8,5,7,1,1,0,1,1
1,1,0,0,0,0,1,0,3,12,10,1,1,0,1,1
0,0,0,1,1,0,1,0,1,5,2,0,0,0,0,0
0,1,0,1,0,0,1,0,2,6,1,0,0,0,0,0
0,0,0,1,0,0,1,0,3,6,1,0,0,0,0,0
0,0,0,1,0,0,0,0,3,17,7,1,1,0,0,1
0,1,0,1,0,0,0,1,1,6,0,0,1,0,0,1
0,1,0,1,0,0,0,1,2,18,4,0,1,1,1,1
0,0,0,0,0,0,1,0,1,9,0,1,0,0,0,0
0,0,0,0,0,0,1,0,1,0,2,0,0,0,0,0
0,0,0,1,1,0,1,1,1,33,2,0,1,0,1,1
0,1,0,1,1,0,0,0,7,6,14,1,1,0,0,1
0,0,0,0,0,0,1,0,1,5,4,0,0,0,0,0
0,1,1,0,1,0,0,1,4,20,13,1,1,0,1,1
1,1,1,0,1,0,0,0,4,7,4,0,1,1,0,1
0,0,0,0,0,0,1,0,1,6,1,1,1,0,0,0
0,1,0,1,0,0,0,0,3,16,14,1,1,0,1,1
0,0,0,0,0,0,1,0,1,0,1,1,0,0,0,0
0,0,0,0,0,0,1,0,1,0,4,0,0,0,0,0
0,0,0,1,0,0,0,0,1,0,1,0,0,0,1,0
0,1,0,0,0,0,1,0,3,2,1,1,0,0,0,0
0,0,0,0,0,0,1,1,2,9,2,1,0,0,0,0
0,0,0,0,0,0,1,0,1,3,4,0,0,0,0,0
0,0,0,0,0,0,1,0,3,4,1,0,0,0,0,0
0,1,0,0,0,0,0,0,3,27,0,0,1,1,0,1
0,0,0,0,0,0,1,0,1,8,1,0,0,0,0,0
0,0,0,0,0,0,1,0,3,8,3,0,0,0,0,0
1,0,0,1,0,1,0,0,3,5,0,1,0,1,0,1
0,1,0,0,1,1,0,0,3,42,0,1,1,1,0,1
0,0,0,1,1,0,0,0,4,14,11,0,1,1,0,1
0,0,0,0,0,0,0,0,1,0,1,0,1,0,0,0
0,1,1,1,1,0,0,1,2,20,3,1,0,0,0,1
0,1,0,0,0,0,1,0,1,9,3,0,1,0,0,0
0,0,0,0,0,0,1,0,2,2,4,0,0,1,0,0
0,0,0,0,0,0,1,0,1,1,0,0,0,0,0,0
0,0,0,0,0,0,1,0,3,1,2,0,0,0,0,0
0,0,0,1,0,0,1,0,7,11,4,1,1,1,1,1
1,0,1,1,1,0,0,1,7,15,1,1,1,1,0,1
0,0,0,1,0,0,1,0,1,3,4,0,0,0,0,0
0,0,0,0,0,0,1,1,2,9,4,0,0,0,0,0
0,0,0,0,1,0,1,0,1,2,1,0,0,0,0,0
0,1,0,1,0,0,0,0,8,18,14,0,1,0,1,1
0,0,0,0,0,0,0,0,2,7,2,0,0,0,0,0
0,0,0,0,0,0,1,0,3,2,3,0,0,0,0,0
1,1,1,1,0,0,0,1,8,0,3,1,1,1,1,1
0,1,0,0,0,0,0,0,3,7,9,0,0,0,1,1
0,0,0,0,0,0,1,0,1,0,4,0,0,0,0,0
1,0,0,1,1,0,0,1,4,33,2,1,1,0,1,1
1,0,1,0,1,0,0,0,9,36,3,0,1,0,1,1
0,0,0,0,0,0,1,1,3,5,2,0,0,0,0,0
0,1,0,1,0,1,1,0,9,15,10,1,0,0,1,1
0,0,0,0,0,0,1,0,1,9,0,0,0,0,0,0
1,1,0,0,0,0,0,0,1,9,1,0,1,0,1,1
0,1,0,0,1,0,0,0,2,0,1,0,0,0,0,0
0,0,0,0,0,0,1,0,1,3,1,0,0,0,0,0
0,0,0,0,1,0,1,0,3,6,0,0,0,0,0,0
0,0,1,1,1,0,1,0,4,20,4,0,1,1,0,1
0,0,0,0,0,0,1,0,1,6,3,0,0,0,0,0
0,1,1,1,1,0,0,0,2,22,14,0,1,1,0,1
0,0,0,0,0,0,1,0,3,9,1,0,0,0,1,0
0,0,0,0,0,0,1,0,2,9,0,0,0,0,0,0
0,1,1,0,1,0,0,1,3,42,14,0,1,0,0,1
0,0,0,1,0,0,1,0,1,4,2,0,0,0,0,0
0,1,0,0,1,0,1,0,2,8,3,1,0,0,0,0
1,0,0,1,1,0,0,0,4,49,0,1,1,0,1,1
0,0,0,0,0,0,1,0,2,3,0,0,0,0,0,0
0,0,0,0,1,0,1,0,1,1,3,0,0,0,0,0
0,0,0,0,0,0,1,0,2,9,4,0,0,0,0,0
0,0,0,0,0,0,1,0,1,0,2,0,0,0,0,0
0,1,1,0,0,0,0,0,3,45,12,1,1,0,1,1
0,1,0,0,1,0,0,1,3,19,6,0,1,0,1,1
0,0,0,0,1,0,0,0,1,1,2,0,0,0,0,0
1,0,1,1,0,0,1,1,8,8,14,0,1,0,0,1
0,0,0,0,0,0,1,0,3,3,1,0,0,0,0,0
0,1,0,1,0,0,0,1,5,17,14,1,1,1,1,1
0,0,0,0,0,0,1,1,3,7,2,0,0,0,0,0
0,0,0,0,0,0,1,1,1,1,2,0,0,0,0,0
0,1,0,0,1,0,1,0,3,9,2,0,0,0,0,0
0,0,0,0,0,0,1,0,3,7,1,0,0,0,0,0
0,0,0,0,0,0,1,1,3,0,0,0,0,0,0,0
0,0,0,0,0,0,1,0,3,8,0,0,0,0,0,0
1,1,0,1,0,0,0,0,7,44,2,1,0,1,0,1
0,0,0,0,1,0,1,0,3,2,3,0,0,0,0,0
0,1,0,1,1,0,0,0,1,44,14,0,1,0,1,1
0,0,0,0,0,0,1,0,1,4,3,0,0,0,0,0
1,0,0,1,1,1,0,0,6,46,11,1,0,0,1,1
0,1,0,1,0,0,0,0,3,29,10,0,1,1,0,1
0,1,0,1,1,0,1,0,5,7,9,1,1,0,0,1
0,0,0,0,0,0,1,0,2,1,0,0,0,0,1,0
0,0,0,0,0,0,1,0,2,6,3,0,1,0,0,0
1,1,0,1,0,0,0,0,2,3,14,0,1,0,1,1
0,0,0,1,0,0,1,1,2,3,3,0,0,0,0,0
0,0,0,1,1,0,0,0,2,39,2,1,0,0,0,1
0,0,0,0,0,0,1,0,3,5,3,0,1,0,0,0
0,1,0,1,1,0,0,0,2,47,8,0,1,1,0,1
0,1,0,1,1,0,0,0,1,0,12,1,1,1,1,1
0,0,0,0,0,0,1,0,2,0,3,0,1,0,0,0
0,0,0,0,1,1,0,0,5,44,11,1,0,1,1,1
0,0,0,0,0,0,1,0,2,8,0,0,0,0,0,0
0,1,0,1,1,1,1,1,5,1,1,0,1,0,1,1
1,1,0,1,1,0,0,0,4,0,9,1,1,1,1,1
0,1,0,0,0,0,0,0,3,4,1,0,0,0,0,0
0,0,0,0,0,0,1,0,1,7,4,0,0,0,0,0
0,0,0,0,0,0,0,0,3,4,1,0,0,0,0,0
0,1,0,1,1,0,0,1,8,7,2,0,0,1,0,1
0,0,0,0,0,0,1,1,1,6,1,0,0,0,0,0
0,1,0,0,1,0,0,1,3,18,8,1,1,0,0,1
1,0,1,0,1,0,0,0,8,3,1,1,1,1,1,1
0,0,0,0,0,0,1,0,3,8,1,1,0,0,1,0
0,0,0,0,0,0,1,1,1,3,0,0,0,0,0,0
0,1,1,1,1,1,0,1,4,36,6,1,1,0,0,1
1,1,1,0,0,0,0,0,4,24,4,1,1,0,1,1
0,0,0,1,0,0,1,0,3,7,2,1,0,0,0,0
0,0,0,0,0,0,1,0,2,2,3,0,0,0,0,0
0,0,0,1,0,0,1,0,3,0,4,0,0,0,0,0
0,0,0,0,0,0,1,0,2,6,0,0,0,0,0,0
0,0,0,0,0,0,1,0,3,7,3,0,0,0,0,0
0,1,0,1,1,0,0,1,3,33,0,1,1,0,0,1
0,1,1,1,1,0,0,1,1,44,3,1,1,1,0,1
0,1,1,0,0,0,0,1,9,25,1,1,1,1,1,1
1,0,0,1,0,0,0,0,2,30,5,1,1,0,1,1
0,0,0,0,0,0,1,1,3,7,2,0,0,0,0,0
0,0,0,0,0,0,1,0,2,3,3,0,0,0,0,0
0,0,0,0,0,0,1,0,3,7,1,0,0,0,0,0
1,1,0,1,1,0,0,0,2,37,0,0,1,1,0,1
0,1,1,1,1,0,0,0,5,39,7,0,1,0,1,1
0,0,0,0,0,0,1,0,3,2,1,0,0,0,0,0
0,0,0,0,0,0,1,1,3,1,3,0,1,0,0,0
0,1,0,1,0,0,0,0,8,47,2,1,1,1,0,1
1,0,0,1,1,0,0,1,5,46,7,1,1,0,1,1
0,0,0,0,0,0,1,0,3,7,0,0,1,1,0,0
0,0,0,0,0,0,1,0,3,9,0,0,0,0,0,0
1,1,0,1,0,0,1,1,5,11,10,0,1,0,1,1
0,0,0,1,0,0,1,0,2,6,4,0,0,0,0,0
0,0,0,0,0,0,1,0,3,9,1,0,0,0,0,0
0,0,0,1,0,0,1,0,2,6,3,0,0,0,0,0
0,1,0,0,1,0,0,0,5,47,14,0,1,0,0,1
1,0,1,1,0,0,0,0,2,12,10,0,1,0,1,1
1,0,1,1,0,1,0,0,1,28,7,1,0,0,1,1
0,0,0,1,0,0,0,1,3,5,10,1,0,1,0,1
1,1,0,1,1,0,0,0,3,23,4,0,1,1,0,1
0,0,0,0,0,0,0,0,3,3,4,1,1,0,1,1
0,0,0,1,0,0,1,1,3,17,4,1,1,1,0,1
0,0,0,1,0,0,1,0,3,2,3,0,0,0,0,0
0,0,0,0,0,0,1,0,1,9,1,0,0,0,0,0
0,0,0,0,0,0,0,0,1,7,4,0,0,0,0,0
0,0,0,0,0,0,1,0,1,1,2,0,0,0,0,0
0,0,0,0,0,0,1,0,2,7,0,0,1,0,0,0
0,0,0,0,0,0,1,0,2,2,2,0,1,0,0,0
0,0,0,0,0,0,1,0,3,2,4,0,0,0,0,0
0,0,0,0,1,0,0,0,5,46,14,0,1,0,0,1
0,1,0,1,0,0,0,0,6,15,13,0,1,0,0,1
0,0,0,0,0,0,1,0,1,7,2,0,0,0,0,0
0,0,0,0,0,0,0,0,1,1,0,0,1,0,0,0
0,0,1,1,1,1,0,0,9,29,4,0,1,0,0,1
0,0,0,0,0,0,1,0,3,6,0,0,0,0,0,0
0,0,0,0,0,0,1,1,3,9,3,0,0,0,0,0
0,1,0,1,1,0,0,0,4,24,10,1,1,1,0,1
0,0,0,0,0,0,0,0,1,4,1,0,0,0,0,0
1,1,0,1,1,1,0,0,4,12,2,0,1,0,1,1
0,0,0,0,0,0,1,0,1,6,2,0,0,0,0,0
1,0,0,0,1,0,1,0,4,13,10,1,1,0,0,1
1,0,0,1,1,0,0,1,9,43,14,1,0,0,0,1
1,1,1,0,1,0,0,0,6,17,1,1,1,0,0,1
0,0,0,0,0,0,1,0,3,3,3,0,0,0,0,0
0,1,1,1,1,0,0,0,2,20,11,0,1,0,1,1
0,1,0,0,0,0,1,1,1,3,1,0,0,0,0,0
0,0,0,0,0,0,1,0,1,9,2,1,0,0,0,0
0,0,0,0,1,0,1,0,1,6,1,0,0,0,0,0
0,1,0,0,0,0,1,0,1,8,2,0,0,0,0,0
0,1,0,1,0,0,0,0,1,16,1,1,1,0,0,1
0,1,0,1,1,0,0,0,3,47,8,0,1,1,1,1
0,0,0,0,0,0,1,0,1,7,1,0,0,0,1,0
0,0,0,0,0,0,1,0,2,9,4,0,1,0,1,0
0,0,0,1,0,1,0,0,5,8,3,1,1,1,1,1
0,0,0,0,0,0,1,0,1,2,2,0,0,0,0,0
0,1,0,1,1,0,0,0,7,34,4,1,0,1,0,1
0,0,0,0,0,0,1,0,2,3,1,0,0,0,0,0
0,0,0,1,0,0,1,0,2,3,1,0,0,0,1,0
1,0,0,1,1,0,0,0,3,12,11,1,1,0,1,1
0,0,0,0,0,0,1,0,1,6,1,0,0,0,0,0
0,0,0,1,1,0,0,0,7,5,7,0,1,0,0,1
0,0,0,1,0,0,1,0,1,5,3,0,0,0,0,0
0,0,0,0,0,1,1,0,2,9,0,0,0,0,1,0
0,0,0,0,1,0,1,1,3,0,3,0,0,0,0,0
0,0,1,1,1,0,0,1,4,44,14,0,1,1,0,1
0,0,0,0,0,0,1,0,1,0,0,0,0,0,0,0
0,0,0,0,0,0,1,0,2,2,1,1,0,0,0,0
0,0,0,0,0,0,1,0,3,3,3,0,0,0,1,0
0,0,0,0,0,0,1,0,2,3,4,0,0,0,0,0
1,1,1,1,0,0,0,1,7,22,10,0,1,1,1,1
0,0,1,1,1,0,0,0,8,11,9,1,1,0,1,1
0,0,0,0,1,0,1,0,2,1,4,0,0,0,0,0
0,0,0,1,1,1,0,0,2,2,13,1,1,1,1,1
0,0,0,0,0,0,1,0,1,9,1,0,0,0,1,0
0,0,0,0,0,0,1,0,2,9,0,0,0,0,0,0
0,0,0,0,0,0,1,0,1,8,1,0,0,1,0,0
0,1,1,1,1,0,0,0,2,32,11,1,1,0,1,1
0,0,0,1,0,1,0,0,7,22,14,1,1,1,0,1
0,1,0,1,1,1,0,0,3,22,1,1,1,1,0,1
1,0,0,1,1,0,1,0,8,25,5,1,1,0,1,1
1,1,0,1,1,0,0,0,8,14,0,1,1,0,1,1
1,0,0,1,0,0,0,0,8,21,2,1,1,1,1,1
1,0,0,0,1,0,0,0,7,29,2,1,0,0,0,1
0,1,0,1,1,0,0,0,9,24,4,1,1,0,1,1
0,0,1,1,1,0,0,1,3,29,11,1,1,0,0,1
0,0,0,0,0,0,1,0,2,4,3,0,1,0,1,0
0,1,0,1,1,0,0,0,8,36,6,1,1,0,1,1
0,0,0,0,1,0,0,0,2,35,4,1,1,0,0,1
1,1,0,1,1,0,0,0,4,29,8,1,1,0,1,1
0,0,1,1,0,0,0,1,8,40,4,1,1,0,0,1
0,1,0,1,0,0,0,0,5,12,5,0,1,0,1,1
0,1,1,0,1,1,0,0,3,39,11,0,1,1,1,1
0,0,0,1,1,0,0,0,7,13,2,0,1,1,1,1
0,1,0,0,0,0,1,0,1,40,13,0,1,0,1,1
0,1,0,1,1,0,0,1,3,26,3,1,1,0,0,1
0,1,1,1,1,0,0,0,9,38,1,1,1,0,1,1
1,0,1,1,1,0,0,0,1,0,5,0,0,0,0,1
0,0,0,0,1,0,1,0,2,6,1,0,0,0,0,0
0,0,0,0,0,0,1,0,2,2,1,0,0,0,0,0
0,1,0,1,1,1,1,0,7,44,8,0,1,0,1,1
0,1,0,1,0,0,0,0,6,28,4,1,0,0,1,1
0,0,0,0,0,0,1,0,3,0,1,0,0,0,0,0
0,0,1,1,1,0,0,0,8,16,4,0,0,0,0,1
0,0,0,0,0,0,1,0,1,5,4,0,0,0,0,0
0,0,0,0,0,0,1,0,3,6,1,0,0,0,0,0
0,0,0,0,0,0,1,0,1,1,0,0,1,0,0,0
0,0,0,0,1,0,1,0,2,6,2,0,0,0,0,0
0,0,0,1,0,0,0,0,2,3,1,0,0,0,1,0
1,0,0,0,1,1,1,0,7,19,2,1,1,1,1,1
0,1,0,0,0,0,1,0,1,3,0,0,0,0,0,0
0,0,0,1,1,0,0,1,3,35,14,1,1,1,1,1
0,0,0,1,1,0,0,1,6,33,8,1,1,0,0,1
0,0,0,0,0,0,0,0,1,6,0,1,0,0,0,0
0,0,0,1,0,0,1,1,1,8,0,0,0,0,0,0
0,0,0,1,0,0,0,0,4,24,0,0,1,0,1,1
0,0,0,1,0,0,1,0,3,1,0,0,0,0,0,0
0,0,0,0,0,0,1,0,3,9,4,0,0,0,0,0
0,0,0,1,1,0,0,0,7,22,9,1,1,0,1,1
0,1,1,1,1,0,0,0,3,17,7,1,1,0,1,1
0,0,0,0,0,0,0,0,3,5,2,0,0,0,0,0
0,1,0,0,1,0,0,0,9,44,2,1,1,0,1,1
0,1,0,0,0,0,1,0,1,9,4,0,0,0,0,0
0,0,0,0,0,0,1,0,2,7,3,0,0,0,1,0
0,0,0,0,0,0,1,0,2,5,3,0,0,0,1,0
1,0,0,1,1,0,0,1,2,8,7,0,1,0,0,1
1,0,0,1,1,1,0,1,7,36,3,1,0,1,1,1
0,1,0,1,1,0,0,0,7,1,7,1,1,0,0,1
0,1,0,1,1,0,1,0,5,44,14,1,1,0,1,1
1,0,0,1,1,0,1,0,7,24,14,1,1,0,0,1
0,0,0,0,1,0,1,0,1,1,2,1,0,0,0,0
0,0,0,0,0,0,1,0,1,3,3,0,0,0,0,0
0,0,0,0,0,0,1,0,3,0,3,0,0,0,0,0
0,0,0,0,0,0,1,0,2,6,4,0,0,1,0,0
0,0,0,1,1,0,0,1,7,35,0,0,1,0,0,1
0,0,0,0,0,0,1,0,3,1,1,0,1,0,0,0
0,0,0,1,1,0,0,1,2,37,8,1,1,0,0,1
0,0,0,0,1,0,1,0,1,9,4,0,0,0,0,0
0,1,0,1,0,0,0,0,7,27,3,1,1,0,1,1
1,1,0,0,0,0,0,0,2,45,10,0,1,1,0,1
0,0,0,0,0,0,1,0,1,9,2,0,0,0,0,0
0,0,0,0,0,0,0,0,3,5,4,0,0,0,1,0
0,0,0,0,0,0,1,0,3,7,0,0,0,0,1,0
0,1,0,1,0,0,1,0,3,4,3,0,0,0,0,0
1,0,0,1,0,0,0,1,9,6,14,1,1,0,0,1
0,0,0,0,0,0,0,0,2,9,3,0,0,0,0,0
0,0,0,0,0,0,1,1,1,2,3,0,0,0,0,0
0,0,0,0,0,0,0,0,5,19,5,0,0,0,1,1
0,0,0,0,0,1,0,0,2,6,0,0,0,0,0,0
0,0,0,0,0,0,1,0,3,1,2,0,0,0,0,0
0,0,0,0,1,0,1,0,1,1,4,0,0,0,0,0
0,1,0,0,0,0,1,0,1,3,3,0,0,0,0,0
0,0,0,0,0,0,1,0,3,3,4,0,0,0,0,0
0,0,0,1,1,0,0,0,4,33,2,0,1,1,0,1
0,0,0,0,0,0,1,0,1,9,2,0,0,0,0,0
0,1,0,0,0,0,0,0,1,3,4,0,0,0,0,0
0,0,0,0,0,0,1,0,3,7,0,0,1,0,0,0
0,0,0,0,0,0,1,0,1,3,3,0,0,0,0,0
0,0,0,0,1,0,1,0,1,8,1,0,1,0,0,0
0,0,0,1,1,0,0,1,3,15,4,1,1,0,1,1
0,0,0,0,1,0,1,0,1,2,1,0,0,0,1,0
1,1,0,0,0,0,0,0,2,26,10,0,1,0,0,1
0,1,0,1,0,0,1,0,7,48,12,1,1,0,1,1
0,0,0,0,0,0,1,1,3,2,0,0,0,0,0,0
0,0,0,1,0,0,0,0,2,0,2,0,0,1,0,0
0,1,0,1,1,0,1,0,2,8,2,0,0,0,0,0
0,0,0,0,0,0,1,0,3,1,1,0,0,0,0,0
1,0,0,1,0,0,0,1,6,24,1,1,1,1,0,1
1,0,0,0,0,0,1,0,1,1,2,0,0,0,0,0
0,0,0,0,0,0,1,0,1,9,3,0,0,0,1,0
0,0,0,0,0,0,1,0,2,9,3,0,0,0,0,0
0,0,0,0,0,0,1,0,2,9,2,0,0,0,0,0
0,0,0,0,1,0,1,1,1,0,2,0,0,0,0,0
0,1,0,0,1,0,0,0,3,9,1,0,0,0,0,0
1,1,0,0,1,0,0,1,9,17,2,0,1,1,0,1
0,0,0,1,1,0,0,0,9,10,1,0,1,1,1,1
0,0,0,0,0,0,1,1,1,8,3,0,1,0,0,0
0,0,0,1,0,0,1,0,1,8,3,0,0,0,0,0
0,0,0,0,0,0,1,0,2,2,2,0,0,1,0,0
0,1,0,1,0,0,1,1,5,5,0,0,1,0,1,1
0,1,0,0,0,0,1,0,2,8,3,0,0,0,0,0
1,1,0,1,1,1,0,0,3,44,14,1,1,0,1,1
0,0,0,0,0,0,1,0,3,0,1,0,1,0,0,0
0,0,0,1,0,0,1,0,3,7,4,0,1,0,0,0
0,0,0,1,0,0,1,0,3,4,3,0,1,0,0,0
0,0,0,0,0,0,1,0,3,5,1,0,0,0,0,0
1,0,0,0,1,0,0,0,3,35,9,1,1,1,1,1
0,0,0,1,1,0,0,1,5,40,14,1,1,0,1,1
0,0,0,0,0,0,1,0,1,9,0,0,0,0,1,0
0,1,0,0,0,0,1,0,1,1,2,0,0,0,0,0
0,1,0,1,1,0,0,0,5,40,4,0,1,0,0,1
0,1,0,1,0,0,0,0,6,5,0,0,1,1,0,1
1,1,0,1,0,0,0,1,3,39,12,0,1,1,0,1
0,1,0,1,1,1,0,1,9,14,14,1,1,0,0,1
0,0,0,0,0,0,1,0,1,7,4,0,0,0,0,0
0,0,0,0,1,0,1,1,6,11,2,1,1,0,0,1
0,0,0,0,0,0,1,0,3,7,4,0,0,0,0,0
0,1,1,1,1,0,0,0,3,3,6,0,1,0,1,1
0,1,0,1,1,0,1,0,4,22,4,1,1,0,1,1
1,1,0,0,1,0,0,1,5,45,4,0,1,0,0,1
0,0,1,1,1,0,1,0,6,7,7,1,1,0,1,1
1,1,0,1,1,0,0,1,4,36,8,0,1,0,1,1
0,0,0,0,0,0,1,0,2,3,4,0,0,0,0,0
0,0,0,1,0,0,1,0,2,1,2,0,0,0,0,0
0,1,1,0,1,1,0,1,6,40,6,0,1,1,0,1
0,0,1,0,0,0,0,0,9,5,14,0,1,1,1,1
0,0,0,0,0,0,1,0,3,5,2,0,0,0,0,0
0,1,1,1,1,0,0,0,9,31,9,1,1,1,0,1
0,0,0,0,1,1,0,0,2,16,13,1,0,0,1,1
0,0,0,0,0,0,1,0,1,8,3,0,0,0,0,0
1,1,0,1,1,0,0,0,4,34,14,1,1,1,1,1
0,0,0,1,1,0,0,0,1,14,11,1,1,1,0,1
0,0,0,0,0,0,1,0,3,3,2,0,0,0,0,0
0,0,0,0,0,0,1,0,2,8,3,0,0,0,0,0
0,0,0,0,0,0,1,0,2,2,0,0,0,0,0,0
0,0,0,1,1,0,1,0,9,33,11,1,1,0,0,1
0,0,0,0,0,0,1,0,3,3,0,0,0,0,0,0
0,0,0,0,0,0,1,0,3,2,0,0,0,0,0,0
0,0,0,0,0,0,1,0,3,2,0,0,0,0,0,0
0,0,0,0,0,0,1,0,2,5,4,0,0,1,0,0
0,1,0,0,0,0,1,0,1,5,1,0,0,0,0,0
0,0,0,0,0,0,1,0,1,4,3,0,0,0,0,0
0,1,0,1,0,0,0,0,8,27,9,0,1,0,0,1
0,1,0,0,1,0,0,1,5,43,4,0,1,0,1,1
0,0,0,1,0,0,1,0,1,6,0,0,0,0,0,0
0,0,0,0,0,0,1,0,1,2,3,0,0,0,0,0
0,0,0,0,0,0,1,0,3,4,3,1,0,0,0,0
0,1,0,1,1,0,0,0,6,27,12,0,1,0,0,1
0,1,0,0,1,0,1,0,2,38,4,1,1,1,0,1
1,1,0,1,0,0,0,1,2,34,0,0,1,0,0,1
0,0,0,1,0,1,0,1,9,0,2,1,1,1,1,1
0,1,1,1,1,0,1,0,6,13,6,1,1,1,1,1
0,1,0,1,0,0,0,0,6,31,1,1,1,1,0,1
1,0,0,1,1,1,1,0,2,25,5,0,1,1,0,1
0,1,0,1,1,0,0,1,7,42,1,1,1,0,0,1
0,1,1,1,1,0,0,1,7,47,13,1,1,0,1,1
0,0,0,0,0,0,1,0,1,4,1,0,0,0,0,0
0,0,0,0,0,0,1,0,2,4,3,0,0,0,0,0
0,0,0,1,0,0,1,0,1,8,1,0,0,0,0,0
0,0,0,0,0,0,1,0,2,3,0,0,0,0,0,0
1,1,0,1,0,1,0,1,4,28,8,0,1,1,0,1
1,1,0,1,1,0,0,0,2,16,8,1,1,0,0,1
0,0,0,0,0,0,1,0,3,8,2,0,0,0,0,0
0,0,0,0,1,0,0,0,4,19,14,1,1,0,0,1
0,1,0,0,0,0,1,1,2,7,3,0,0,0,0,0
0,0,0,1,1,1,0,1,8,44,5,0,1,0,0,1
0,0,0,0,0,0,1,0,1,6,2,0,1,0,0,0
0,1,0,1,1,0,0,0,7,14,5,1,1,0,0,1
0,1,0,0,0,0,0,0,4,1,8,1,1,1,0,1
0,0,0,0,0,0,1,0,3,0,3,0,0,0,0,0
1,1,0,1,0,0,1,0,5,34,9,1,1,0,0,1
0,0,0,0,0,0,1,0,3,1,1,0,0,0,0,0
0,0,0,0,0,0,1,0,2,6,1,0,0,0,0,0
0,0,0,0,0,0,1,0,3,0,3,1,0,0,0,0
0,0,0,0,0,0,1,0,2,7,0,0,0,0,0,0
0,0,0,1,1,1,0,1,5,30,4,1,1,1,1,1
0,1,0,0,1,0,0,1,6,32,5,1,1,1,1,1
0,1,0,1,1,0,0,0,5,33,7,1,1,1,0,1
0,0,0,0,0,0,1,0,1,0,2,0,0,0,0,0
1,0,0,1,1,0,0,0,7,35,9,1,1,0,0,1
0,0,0,0,0,0,1,0,3,2,3,0,0,0,0,0
0,0,1,0,1,0,0,0,6,49,11,1,1,0,1,1
0,1,0,1,1,0,0,1,5,3,11,0,1,0,0,1
0,0,0,1,1,0,0,0,9,2,8,0,1,0,0,1
0,0,0,1,0,0,1,0,2,9,1,0,0,0,0,0
0,1,0,1,1,0,1,1,4,5,7,1,1,1,0,1
0,1,0,1,1,0,0,0,7,32,7,1,1,0,0,1
0,0,0,0,0,0,1,0,1,3,3,0,0,1,0,0
1,0,0,1,1,0,0,0,2,13,3,0,1,1,1,1
0,0,1,0,0,0,0,0,2,7,3,0,0,0,0,0
0,1,1,1,0,1,0,0,8,14,11,1,0,0,1,1
0,0,0,0,0,0,0,0,2,9,1,0,0,0,0,0
0,1,0,0,0,0,1,1,1,7,0,1,0,0,0,0
0,1,0,1,1,0,0,0,5,6,1,1,1,0,0,1
0,0,0,0,0,0,1,1,3,3,3,0,0,0,0,0
0,1,0,0,0,0,1,0,2,1,0,0,0,0,0,0
0,0,0,0,0,0,1,0,1,9,0,0,0,0,0,0
0,0,0,0,0,0,1,0,1,8,0,0,0,0,0,0
0,0,0,0,0,0,1,1,2,9,1,0,0,0,0,0
0,0,0,0,0,0,1,0,2,2,3,0,0,0,0,0
0,0,0,1,0,0,1,0,7,26,4,0,1,0,0,1
0,1,0,0,0,0,1,0,1,0,1,0,0,0,0,0
0,0,0,0,0,0,1,0,2,2,1,0,0,0,0,0
1,0,0,1,0,1,0,1,9,9,12,1,1,0,1,1
1,1,0,0,1,0,0,1,8,2,7,1,1,0,0,1
1,0,1,1,1,0,0,1,8,25,1,1,1,0,1,1
1,1,0,0,1,0,0,0,3,25,14,1,1,0,1,1
0,1,0,1,1,0,0,1,6,6,13,0,1,0,1,1
0,1,0,0,1,0,0,0,4,33,12,1,1,0,0,1
0,0,0,1,1,0,1,0,4,20,0,1,1,0,0,1
0,0,0,0,0,0,1,0,3,3,0,0,0,0,0,0
0,1,0,0,0,0,1,1,2,1,1,1,0,0,0,0
0,0,1,0,0,0,0,0,1,32,11,1,1,0,1,1
0,0,0,0,0,0,1,0,3,7,4,0,0,0,0,0
0,0,0,0,0,0,1,1,3,3,0,0,0,0,1,0
0,0,0,1,0,0,1,0,3,6,1,0,0,0,0,0
0,0,0,1,0,1,1,0,6,26,2,0,1,0,0,1
1,1,0,1,0,0,0,1,7,29,8,0,1,1,1,1
0,0,0,0,0,0,0,0,2,7,2,0,0,0,1,0
1,0,0,1,0,0,0,0,8,8,1,1,1,1,0,1
0,0,0,0,0,0,0,0,1,9,1,0,0,0,0,0
0,0,0,0,0,0,1,0,3,5,3,0,0,0,0,0
0,0,0,0,0,0,1,0,3,3,3,0,0,0,0,0
0,0,0,0,0,0,1,0,2,2,2,0,0,0,0,0
0,1,0,0,0,0,0,0,4,30,10,1,1,1,1,1
0,0,1,0,1,0,0,1,8,12,14,1,1,0,0,1
0,1,0,1,1,0,0,0,3,28,4,0,1,0,1,1
0,0,0,0,0,0,1,0,3,4,1,0,0,0,0,0
0,1,0,0,1,1,0,0,8,0,7,1,1,0,1,1
0,0,0,0,1,0,1,0,3,7,3,0,0,0,0,0
0,0,1,1,1,0,0,0,4,0,0,1,1,1,1,1
0,0,0,0,0,0,1,0,3,8,3,0,0,0,0,0
0,0,0,0,0,0,1,0,1,4,4,0,0,0,0,0
0,0,0,0,0,0,1,0,1,1,2,0,1,0,0,0
0,1,1,0,1,0,0,1,7,27,3,1,1,0,1,1
0,1,0,1,1,0,1,1,8,29,5,0,1,0,1,1
0,1,0,1,1,0,0,0,5,22,13,0,1,0,1,1
0,0,0,1,1,1,0,0,1,38,3,1,1,0,0,1
0,0,0,0,0,0,1,0,3,5,0,0,0,0,0,0
0,0,0,1,0,1,0,0,1,32,14,1,1,1,1,1
0,1,1,1,1,1,0,0,9,28,11,0,1,0,1,1
0,0,0,0,0,0,0,0,3,0,2,0,0,0,0,0
0,0,0,0,0,0,1,0,3,0,3,0,0,0,0,0
0,1,0,0,0,0,1,0,3,8,3,0,0,0,0,0
0,0,0,1,1,0,0,0,5,37,12,1,1,0,0,1
0,0,0,0,0,0,1,0,3,1,1,1,0,0,0,0
0,0,0,1,0,0,1,0,3,7,4,0,0,0,0,0
0,0,0,0,0,0,0,0,2,9,4,0,0,0,0,0
0,0,1,1,0,1,0,0,6,34,4,0,1,0,1,1
0,0,0,0,0,0,1,0,1,0,2,0,0,0,0,0
0,1,1,1,1,1,0,1,6,34,0,0,1,1,1,1
0,1,0,1,0,0,0,0,4,16,8,1,0,0,1,1
0,0,0,0,0,0,1,0,2,9,0,0,0,0,0,0
0,0,0,0,0,0,1,0,2,0,4,0,0,0,0,0
0,0,0,1,1,0,0,0,3,23,3,1,1,0,0,1
0,0,0,0,0,0,0,0,2,5,0,0,0,0,0,0
0,0,0,0,0,0,1,0,3,3,0,0,0,0,0,0
0,1,0,1,0,0,1,0,3,22,4,0,1,0,0,1
0,1,0,0,1,0,1,0,4,43,3,1,1,0,1,1
0,0,0,0,0,0,1,0,2,6,0,0,0,0,0,0
0,1,1,1,1,0,0,0,8,45,11,1,1,0,1,1
0,0,0,0,0,0,1,0,1,6,3,0,0,0,0,0
0,0,0,0,1,0,1,0,2,5,3,0,0,0,0,0
0,0,0,0,0,0,0,0,2,5,0,0,0,0,0,0
0,1,0,1,1,1,0,0,2,48,4,1,1,1,0,1
0,0,0,0,0,1,1,0,3,7,3,0,0,0,0,0
0,0,0,0,0,0,1,0,2,5,3,0,0,0,0,0
0,0,0,0,0,0,1,0,3,4,3,1,0,0,0,0
0,0,0,1,0,0,0,0,4,16,14,1,1,0,0,1
0,1,0,1,0,0,0,1,4,26,6,0,1,1,1,1
0,1,1,1,0,0,1,1,7,37,14,1,1,0,1,1
1,1,0,1,0,0,0,1,4,11,1,0,1,0,1,1
0,0,1,1,1,0,1,1,3,47,6,0,1,0,1,1
0,0,0,1,1,0,1,1,3,0,2,0,1,0,0,0
1,0,0,1,0,0,0,1,7,0,6,0,1,1,1,1
0,1,0,1,1,0,0,0,6,27,4,1,1,1,0,1
1,0,1,0,0,0,1,1,5,20,13,0,1,1,1,1
0,0,0,0,0,0,1,0,3,3,2,0,1,0,0,0
0,0,1,1,1,0,0,1,5,18,14,0,1,0,1,1
0,1,0,0,1,0,0,0,3,40,5,1,1,0,0,1
0,1,0,0,0,0,1,0,1,3,2,0,0,0,0,0
1,1,0,0,0,0,1,0,8,32,11,1,1,0,1,1
0,1,0,0,0,0,1,1,3,9,2,0,0,0,0,0
0,0,0,0,0,0,1,0,3,5,0,0,0,0,1,0
0,1,0,0,0,0,1,0,1,9,0,0,0,0,0,0
0,0,0,0,0,0,1,0,2,6,4,0,0,0,0,0
0,0,0,0,0,0,1,0,2,4,2,1,0,0,0,0
0,0,0,1,0,0,0,0,3,39,5,1,1,1,0,1
0,0,0,0,0,0,1,1,1,1,1,0,0,0,0,0
0,0,0,0,0,0,1,0,2,2,3,0,0,0,0,0
1,1,0,1,1,0,0,0,6,0,5,1,1,0,1,1
0,0,0,0,1,0,1,0,1,6,2,0,0,0,0,0
0,1,0,1,0,0,0,1,4,1,2,1,0,0,1,1
0,1,0,1,1,0,1,0,6,33,3,0,1,0,1,1
0,1,0,1,1,0,0,0,4,20,11,1,1,0,1,1
0,0,0,0,0,0,0,0,3,1,2,0,0,0,0,0
0,0,0,0,0,0,1,0,2,4,3,0,0,0,0,0
0,0,0,0,0,0,0,0,1,9,3,0,0,0,0,0
0,1,0,0,1,0,1,0,3,3,3,1,1,1,1,1
0,0,0,0,0,0,1,0,2,4,2,0,0,0,0,0
0,0,0,0,0,0,1,1,2,3,0,0,0,0,1,0
0,0,0,0,0,0,0,0,2,3,2,0,0,0,0,0
1,1,0,1,1,0,0,0,3,25,13,1,1,1,0,1
1,1,0,0,1,0,0,0,4,43,3,1,1,0,0,1
0,0,0,0,0,0,1,0,3,3,3,0,0,0,0,0
0,0,0,0,0,0,1,0,2,0,1,0,0,0,0,0
0,0,0,0,0,0,1,0,3,4,1,0,0,1,0,0
0,0,0,0,0,0,1,1,2,9,0,0,0,0,0,0
0,0,0,0,1,0,0,0,9,3,3,0,0,1,1,1
1,0,0,0,1,0,0,1,8,6,10,1,1,0,1,1
1,1,0,1,1,0,0,1,6,36,6,0,1,1,0,1
0,1,0,1,1,0,0,0,3,38,11,1,0,1,1,1
0,0,0,0,0,0,1,0,2,9,0,0,0,0,0,0
0,0,0,0,0,0,1,0,3,3,3,0,0,0,0,0
0,0,0,1,0,0,1,0,1,8,0,0,0,0,0,0
0,0,0,1,1,0,0,0,9,19,0,0,1,1,1,1
0,1,0,0,0,0,1,0,2,3,2,0,0,0,0,0
0,0,1,1,1,1,1,1,7,26,4,0,1,1,0,1
0,0,0,1,1,0,1,1,9,13,7,1,1,0,0,1
0,1,0,1,1,1,1,1,3,6,4,0,1,0,0,0
0,0,0,0,0,0,1,1,1,0,1,0,0,0,0,0
0,0,0,0,0,0,1,1,3,3,4,0,0,0,0,0
1,1,0,0,0,0,1,0,8,26,0,0,1,1,0,1
0,0,0,0,0,0,1,0,1,5,3,0,0,1,0,0
0,0,1,1,1,1,1,0,9,1,11,0,1,0,1,1
0,0,0,0,0,0,1,0,1,3,1,0,1,0,1,0
0,1,0,0,1,1,0,1,7,41,3,1,1,0,0,1
0,1,0,1,0,0,1,0,9,7,5,1,1,0,0,1
0,0,0,0,0,0,0,0,3,6,0,1,0,0,0,0
0,1,0,1,1,0,1,0,9,36,6,1,1,0,0,1
0,1,0,1,1,0,0,0,4,31,3,0,1,1,0,1
0,0,0,1,0,0,1,0,2,9,4,0,1,0,0,0
0,1,1,1,1,0,0,0,6,30,0,1,1,1,1,1
0,0,0,0,0,0,1,0,1,3,3,0,0,0,0,0
1,0,0,1,0,0,0,1,3,36,2,0,1,0,0,1
0,0,0,0,0,0,1,0,3,3,4,0,0,0,0,0
0,1,0,0,0,0,1,0,3,3,1,0,0,0,0,0
1,1,0,1,0,0,0,0,8,23,4,0,1,1,0,1
0,1,0,1,1,0,1,0,9,12,14,1,1,0,0,1
1,1,0,1,0,0,1,0,3,28,4,0,1,1,0,1
0,0,0,1,1,0,0,1,8,4,11,1,1,1,1,1
1,1,0,1,1,0,1,1,8,1,13,1,1,0,1,1
0,0,0,0,0,0,1,0,3,5,2,0,0,0,1,0
0,0,0,1,1,0,0,0,2,18,5,1,1,0,0,1
0,0,0,0,1,0,1,0,1,5,1,0,0,0,0,0
0,1,0,1,1,0,1,0,3,6,1,0,0,0,0,0
1,1,0,1,0,0,0,0,2,35,14,1,1,0,0,1
0,0,0,0,0,0,1,0,2,8,2,0,0,0,0,0
0,0,0,0,0,0,1,0,3,0,4,0,0,0,0,0
0,0,0,0,0,0,1,0,2,4,0,0,0,0,0,0
0,0,0,0,0,0,1,0,2,4,1,0,0,0,0,0
1,1,0,1,1,0,0,0,3,16,5,1,1,0,1,1
0,0,0,0,0,0,1,0,3,2,2,0,0,0,0,0
0,0,0,1,1,0,0,1,8,23,12,1,1,0,0,1
1,1,0,1,1,0,1,0,6,13,10,1,1,0,0,1
0,0,0,1,0,0,1,0,3,7,2,0,0,0,0,0
0,1,0,1,1,0,0,0,7,26,2,0,1,0,1,1
0,0,0,1,1,1,0,1,1,4,10,1,1,1,0,1
0,1,0,0,0,0,0,0,9,2,1,1,1,1,1,1
0,0,0,0,0,0,1,0,1,8,3,0,0,0,0,0
0,0,0,1,1,0,0,0,8,21,2,1,0,0,0,1
0,0,0,1,0,0,0,0,7,1,2,1,1,1,0,1
1,1,0,1,0,0,1,1,1,45,5,0,0,0,1,1
0,0,0,0,0,0,1,0,3,0,0,0,0,1,0,0
1,1,0,1,0,0,1,0,3,34,9,0,1,1,0,1
0,0,0,0,0,0,1,0,1,9,0,0,0,0,0,0
0,0,0,0,1,0,1,0,3,0,4,0,0,1,0,0
0,1,0,0,0,0,1,0,2,2,4,0,0,0,0,0
0,0,0,0,0,0,1,0,2,0,1,0,0,0,0,0
0,0,0,0,0,0,1,0,2,2,3,0,0,0,0,0
0,0,0,0,0,0,0,0,2,0,3,0,0,0,1,0
1,0,0,0,1,0,1,0,8,15,4,1,1,0,0,1
0,0,0,0,0,0,1,0,2,0,4,0,0,0,0,0
0,0,0,1,1,0,0,0,6,13,6,1,1,1,1,1
0,1,0,1,1,0,1,1,4,24,13,1,1,1,0,1
0,0,0,0,0,0,1,0,3,9,3,0,0,0,0,0
0,1,1,1,1,0,0,0,9,3,4,1,1,1,1,1
1,1,1,0,1,0,0,1,9,15,7,0,1,1,0,1
1,0,0,1,1,1,0,0,1,20,11,1,1,0,0,1
0,1,0,1,0,0,0,0,8,30,7,0,1,1,1,1
0,0,0,0,0,0,0,0,1,4,2,0,0,0,1,0
1,1,0,1,1,0,0,0,3,22,10,0,0,0,0,1
0,0,0,0,0,0,1,0,2,5,3,0,0,0,0,0
1,1,0,1,1,0,0,0,6,44,3,0,1,1,1,1
1,1,0,1,0,1,0,1,6,30,3,0,1,1,0,1
0,0,0,0,0,0,1,0,2,8,2,0,0,0,0,0
0,1,0,1,0,0,1,0,5,48,1,0,1,1,1,1
0,1,1,1,1,0,1,0,5,21,14,1,1,0,0,1
0,1,1,1,1,0,1,0,1,11,3,0,1,0,1,1
0,0,0,0,0,0,1,0,2,9,3,0,0,0,0,0
0,1,0,1,1,0,1,0,3,26,11,1,1,1,0,1
0,0,0,0,0,0,1,0,2,3,4,0,0,0,0,0
0,1,0,1,1,0,0,1,4,42,6,1,1,0,0,1
0,0,0,0,0,0,1,0,2,0,1,0,0,0,0,0
0,0,0,1,0,0,0,0,2,3,3,0,0,0,0,0
0,1,0,1,0,1,0,0,4,44,13,1,1,0,0,1
1,1,0,1,0,0,1,1,5,17,11,1,1,0,1,1
0,0,0,0,0,0,0,0,2,2,0,0,0,0,0,0
0,0,0,0,0,0,1,0,2,3,2,0,0,0,0,0
0,1,1,1,1,0,1,0,8,1,1,0,0,1,0,1
0,0,0,0,0,0,1,0,2,0,2,0,0,0,0,0
0,1,0,1,1,0,0,1,5,47,5,0,0,0,1,1
1,1,0,1,0,0,0,0,3,32,1,1,1,0,0,1
0,1,1,1,1,0,0,1,9,42,2,0,1,0,1,1
1,0,1,1,1,0,0,0,2,35,13,0,1,0,0,1
0,0,0,0,0,0,0,0,2,2,2,0,0,0,0,0
1,0,0,0,1,0,1,1,4,9,2,1,1,1,0,1
0,0,0,0,0,0,1,0,2,5,0,0,1,0,0,0
0,1,0,0,1,0,0,1,7,33,2,1,1,0,0,1
0,0,0,1,0,0,1,0,3,2,4,0,0,0,0,0
0,1,0,1,0,0,1,0,7,49,11,1,1,1,0,1
0,1,0,1,1,0,1,0,3,1,2,0,0,0,0,0
0,0,0,0,0,0,1,0,3,5,2,0,0,0,0,0
1,1,0,0,1,0,1,0,6,39,8,1,1,1,0,1
0,0,0,1,1,0,1,0,1,16,10,1,0,0,0,1
0,1,0,1,1,0,1,0,8,24,11,1,1,1,1,1
0,1,1,1,0,0,0,0,6,45,12,1,1,0,0,1
0,0,0,0,1,0,1,0,3,6,3,0,0,0,1,0
0,0,1,1,0,1,0,1,4,31,5,0,1,0,0,1
0,0,0,0,0,0,1,1,3,6,1,0,0,0,0,0
0,0,0,0,0,0,1,0,2,3,1,0,0,0,1,0
1,1,0,0,0,0,0,1,8,48,0,0,1,0,0,1
0,0,0,0,0,0,1,0,3,5,4,0,0,0,0,0
0,0,0,1,0,0,1,0,3,1,4,0,0,0,0,0
0,0,0,0,0,0,1,0,1,2,1,0,0,0,0,0
0,1,0,0,0,0,0,0,3,4,1,0,0,0,0,0
1,1,0,1,0,1,1,1,9,30,1,1,1,0,1,1
0,1,1,1,1,0,1,0,2,43,3,1,1,0,0,1
1,0,0,1,0,0,0,0,3,36,9,0,1,1,0,1
0,1,1,0,1,1,0,1,3,45,5,1,1,0,1,1
0,0,0,0,0,0,1,0,1,6,0,0,0,0,0,0
0,0,1,0,0,0,1,0,1,3,1,0,0,0,0,0
0,0,0,1,1,0,1,1,2,34,1,1,1,1,0,1
0,1,1,1,1,0,0,0,2,17,13,0,1,0,1,1
1,1,0,1,1,0,1,0,7,35,4,0,1,0,1,1
0,0,0,0,0,0,1,0,2,5,3,0,0,0,0,0
0,0,0,1,0,0,0,1,2,36,0,1,1,0,1,1
0,0,0,1,1,1,0,1,8,35,3,0,1,0,1,1
0,0,0,1,1,1,0,0,6,34,0,0,1,1,1,1
0,0,0,0,0,0,1,0,1,4,4,0,0,0,0,0
0,0,0,0,0,0,1,1,3,5,1,0,0,0,0,0
0,1,0,0,0,0,1,0,3,6,0,0,0,0,0,0
0,0,0,0,0,0,1,0,2,9,4,0,0,0,0,0
0,0,0,1,0,0,1,0,3,4,4,0,0,0,0,0
0,0,0,0,0,0,1,0,2,9,2,0,0,0,0,0
0,0,0,0,0,0,0,0,3,4,3,0,0,0,0,0
0,0,0,0,0,0,1,0,3,5,2,0,0,0,0,0
1,1,0,0,1,0,0,0,2,29,2,1,1,0,0,1
0,1,0,0,1,1,0,0,1,23,8,0,0,0,1,1
0,0,0,0,0,0,1,1,2,1,4,0,0,0,0,0
0,0,0,0,0,0,1,0,3,7,3,0,0,0,0,0
0,1,0,1,0,1,0,1,3,26,1,0,1,0,0,1
0,0,0,0,0,0,1,0,1,3,1,0,0,0,1,0
0,0,0,0,0,0,1,0,1,4,0,0,0,0,0,0
0,0,0,0,0,0,1,0,3,8,0,0,0,0,1,0
0,0,0,1,0,0,0,0,7,8,2,0,1,1,0,1
1,1,0,1,1,0,0,0,4,13,11,1,1,1,1,1
0,0,0,1,0,0,0,1,5,13,12,1,1,1,0,1
1,0,0,1,0,0,0,0,8,18,8,1,1,0,0,1
0,1,0,0,0,1,0,0,1,13,6,1,1,1,1,1
0,0,0,0,0,0,1,1,1,6,4,0,0,0,0,0
0,0,0,1,1,0,0,0,8,36,13,1,1,0,1,1
0,1,0,0,0,0,1,0,3,4,4,0,0,1,0,0
0,0,0,0,0,1,1,0,1,8,0,0,0,0,0,0
0,0,0,1,1,0,0,0,6,2,4,1,1,0,0,1
0,0,0,0,1,0,1,0,9,29,6,1,1,1,0,1
0,0,0,0,0,0,1,1,1,0,0,0,0,0,1,0
0,0,0,0,0,0,1,0,3,8,3,0,0,0,0,0
0,0,0,0,0,0,0,0,2,0,4,1,0,0,0,0
0,0,0,0,0,0,0,0,3,48,2,1,1,1,1,1
1,1,0,1,0,0,0,0,9,39,2,1,1,0,1,1
1,0,0,0,1,0,0,0,6,4,3,0,1,1,1,1
0,1,0,1,0,0,1,0,5,42,8,0,1,1,0,1
1,0,1,1,1,0,0,1,4,40,8,1,1,0,1,1
0,0,0,0,0,0,1,0,2,5,2,0,0,0,0,0
0,1,0,1,1,0,1,0,2,34,11,1,1,1,1,1
0,0,0,0,0,0,1,1,2,3,3,0,0,0,0,0
0,1,0,0,0,0,1,0,1,6,4,0,0,0,1,0
0,0,0,0,0,1,0,1,2,1,3,0,0,0,0,0
0,1,0,0,1,0,0,0,8,40,5,1,1,1,1,1
0,0,1,1,1,0,0,1,7,24,9,1,1,0,0,1
1,1,0,1,0,0,0,0,1,45,8,1,1,0,1,1
0,0,0,0,0,0,0,0,2,7,1,0,0,1,0,0
0,0,0,0,0,0,1,0,2,6,1,0,0,0,0,0
0,0,0,1,1,0,1,0,1,2,3,0,0,0,0,0
0,0,0,0,0,0,1,0,1,0,0,0,0,0,0,0
0,0,1,0,0,0,1,0,3,1,0,0,0,0,0,0
0,0,0,0,0,0,1,0,2,8,0,0,0,0,0,0
0,1,0,1,1,0,0,0,9,4,7,1,1,0,1,1
1,1,1,1,1,0,0,0,9,7,13,0,1,0,0,1
1,0,0,0,0,0,0,1,9,37,1,0,1,1,0,1
0,1,1,1,0,0,0,0,1,19,11,1,1,0,1,1
0,0,0,0,1,0,1,0,3,7,4,0,0,0,0,0
0,0,0,0,0,0,1,0,3,3,4,0,1,0,0,0
0,1,0,1,0,0,0,0,7,16,14,0,1,0,1,1
0,0,0,0,0,0,0,0,1,9,4,0,0,0,0,0
1,0,0,1,1,1,0,1,2,19,14,0,1,0,1,1
0,0,0,1,1,0,0,0,5,15,10,1,1,1,1,1
0,1,0,0,1,0,0,1,6,13,1,1,1,0,0,1
0,0,0,0,0,0,1,0,3,6,3,0,0,0,0,0
0,0,0,1,1,0,0,0,7,38,8,0,1,0,1,1
1,0,1,1,1,0,0,1,8,17,11,0,1,1,1,1
0,1,0,1,1,0,1,1,5,15,6,1,1,0,1,1
0,0,0,0,0,0,1,0,3,5,4,0,0,0,0,0
0,0,0,0,0,0,1,0,2,7,0,0,0,0,0,0
0,0,0,1,0,0,0,0,4,22,1,1,1,1,0,1
0,1,0,0,0,0,1,0,2,8,4,0,0,0,1,0
0,0,0,0,0,0,1,0,3,9,2,0,0,0,0,0
0,0,0,0,0,0,1,0,2,4,2,0,0,1,0,0
0,0,0,0,0,0,0,0,1,6,2,0,0,0,0,0
0,0,0,0,0,0,1,0,2,4,2,1,1,0,0,0
0,0,0,0,0,0,1,0,2,7,3,0,0,0,0,0
0,0,0,0,0,0,1,0,1,5,3,0,0,0,0,0
0,0,0,1,0,0,1,0,1,1,4,0,0,0,0,0
0,0,0,0,0,0,1,0,1,0,4,0,1,0,1,0
0,0,0,0,0,0,1,0,3,6,0,0,0,0,0,0
1,1,1,0,1,1,1,0,6,43,0,1,1,0,1,1
1,1,0,1,1,0,0,1,6,45,8,0,1,0,1,1
0,0,0,0,0,0,1,0,1,6,0,0,0,0,0,0
0,1,0,1,0,0,0,0,3,29,1,0,1,0,0,1
1,0,0,0,1,0,0,0,1,12,10,1,1,0,1,1
0,0,0,0,0,0,1,0,1,9,1,0,0,0,0,0
0,0,0,0,0,0,1,0,1,7,1,0,0,0,0,0
0,0,0,0,0,0,1,1,1,8,1,0,0,0,0,0
0,1,1,0,1,0,0,0,8,13,6,1,1,1,1,1
1,1,0,1,0,1,0,1,4,30,13,1,0,1,0,1
0,0,0,0,0,0,1,0,3,5,4,0,0,0,0,0
0,0,0,1,0,0,1,1,1,8,0,1,0,0,0,0
0,0,0,0,0,0,1,0,1,3,3,0,1,0,0,0
0,1,0,0,1,0,0,0,4,10,14,1,0,1,1,1
0,1,0,1,1,0,0,0,7,10,1,1,1,0,1,1
0,1,0,1,0,1,1,0,1,12,5,0,1,0,1,1
0,0,0,1,1,0,0,0,3,21,9,1,1,1,1,1
0,0,0,0,0,0,1,0,2,0,0,0,0,0,0,0
0,1,0,0,0,0,1,0,2,2,4,0,0,1,0,0
0,0,0,0,0,0,1,0,1,4,3,0,0,0,0,0
0,0,0,0,0,0,1,0,1,2,4,0,0,0,0,0
0,1,0,1,0,1,0,0,3,33,11,1,0,0,0,1
0,1,0,1,1,0,0,0,8,39,7,1,1,0,1,1
0,0,0,0,1,0,1,0,2,2,2,0,0,0,0,0
0,0,0,1,0,0,1,0,3,2,3,0,0,0,0,0
0,0,0,1,1,0,1,1,4,9,5,1,1,0,0,1
0,0,0,1,0,0,1,0,2,6,4,0,0,0,0,0
1,1,1,1,1,0,0,1,5,24,8,0,1,1,0,1
0,0,0,0,0,0,1,0,3,6,1,0,0,0,0,0
0,0,0,0,0,0,1,0,3,9,1,0,0,0,0,0
0,0,0,0,0,0,1,0,1,3,4,0,0,0,1,0
0,0,0,1,0,0,1,0,1,5,3,0,0,0,0,0
0,0,0,0,0,0,1,0,1,2,1,0,0,0,0,0
0,0,0,0,0,0,1,0,2,4,1,0,0,0,0,0
0,0,0,1,0,0,1,0,1,0,3,0,0,0,0,0
0,1,0,1,1,0,1,0,8,46,11,1,1,0,0,1
1,0,0,0,0,0,0,0,8,0,7,1,1,0,1,1
0,0,0,1,1,0,0,1,1,4,13,0,1,0,0,1
0,1,1,1,0,0,0,0,5,15,4,0,1,0,1,1
1,1,0,1,1,0,0,1,7,37,7,1,1,0,1,1
0,0,0,0,0,0,1,0,3,1,4,0,1,0,0,0
0,0,0,0,0,0,1,0,1,4,2,0,0,0,0,0
1,1,0,1,0,0,0,1,4,16,3,0,1,1,0,1
0,0,0,0,0,0,1,0,3,5,3,0,0,0,0,0
0,1,0,0,1,0,0,0,5,24,8,0,1,1,1,1
0,1,0,1,1,0,1,0,7,10,11,1,1,1,1,1
0,0,0,0,1,0,1,0,2,9,4,0,0,0,0,0
0,0,0,0,0,0,1,1,1,0,2,0,0,0,0,0
0,0,0,0,0,0,1,0,1,8,2,0,1,0,0,0
0,0,0,0,1,0,1,0,1,10,2,1,0,1,0,1
0,0,1,0,0,0,0,0,3,5,4,0,0,0,0,0
0,1,1,1,1,1,0,1,9,46,5,0,1,0,0,1
1,0,0,1,1,0,0,0,5,10,14,0,1,0,1,1
0,1,0,1,1,0,0,1,7,8,0,0,1,0,1,1
0,0,0,1,0,0,1,0,1,7,1,0,0,0,1,0
0,0,0,0,1,1,1,0,3,0,0,0,0,0,0,0
1,0,0,1,1,0,0,0,5,37,3,1,1,1,0,1
0,0,0,0,0,0,1,0,2,7,4,0,0,0,0,0
0,0,0,0,1,0,1,0,2,8,2,0,0,0,0,0
0,0,0,1,1,0,1,0,3,2,0,0,1,0,0,0
0,0,1,1,0,0,0,1,6,38,14,1,1,0,1,1
0,0,0,1,1,0,0,1,3,10,9,1,1,0,1,1
0,0,0,0,0,0,1,0,3,1,3,0,0,0,0,0
1,1,1,1,1,0,0,0,2,14,2,0,1,0,0,1
0,0,0,0,0,0,1,1,1,3,1,0,0,0,0,0
0,0,0,0,0,0,1,0,3,8,0,0,0,0,0,0
0,0,0,0,0,0,1,0,3,3,2,0,0,0,0,0
0,0,0,0,0,0,1,0,1,6,0,0,0,0,0,0
0,1,1,1,1,0,0,0,6,11,7,1,1,0,1,1
0,0,0,1,1,0,0,1,1,47,14,0,1,1,1,1
1,1,0,0,0,1,1,1,8,7,11,1,1,0,1,1
0,0,0,0,0,0,0,1,1,3,3,0,0,0,1,0
0,0,0,0,1,0,1,0,2,3,3,0,0,0,0,0
0,0,0,0,0,0,1,0,3,4,3,0,1,0,0,0
1,1,1,1,1,0,0,1,2,7,10,0,1,1,1,1
0,0,0,0,0,0,1,1,3,0,0,0,0,0,0,0
0,0,0,1,0,0,0,0,2,18,9,0,0,0,0,1
0,0,0,1,0,0,0,0,9,7,7,0,1,0,0,1
0,1,0,0,0,0,1,0,9,27,0,1,1,0,0,1
1,0,0,1,1,0,0,0,5,27,11,1,1,0,0,1
1,0,1,0,1,0,0,1,5,44,10,1,1,0,0,1
0,1,0,1,0,0,1,0,2,31,5,1,1,0,0,1
0,0,0,0,0,0,1,1,3,1,3,0,0,0,0,0
0,0,0,0,0,0,1,0,2,3,2,0,0,0,0,0
1,1,1,1,1,0,0,0,8,12,3,0,1,0,0,1
1,1,0,1,1,0,0,1,7,42,7,1,1,1,1,1
0,1,0,0,0,0,1,0,3,7,3,0,0,0,0,0
0,0,0,1,1,0,0,0,6,12,3,0,1,1,1,1
1,0,1,1,0,0,0,0,6,18,0,0,1,0,1,1
0,1,0,0,0,0,1,1,2,2,1,0,1,0,0,0
1,1,1,1,1,0,0,0,5,29,9,0,1,0,1,1
1,1,0,1,1,0,0,0,1,13,7,1,1,1,1,1
1,1,0,1,0,0,0,1,3,6,8,0,1,1,1,1
0,1,0,0,0,0,1,0,1,2,0,0,0,0,0,0
0,0,0,0,0,0,1,0,3,9,0,0,0,0,0,0
0,0,0,0,0,0,0,0,1,4,3,0,0,0,0,0
1,0,1,1,0,0,0,1,3,47,0,0,1,0,0,1
1,1,0,1,1,0,1,0,2,48,2,1,1,1,1,1
0,0,0,0,1,0,1,0,3,1,0,0,0,0,0,0
0,0,1,1,1,0,0,0,5,35,9,1,1,0,1,1
0,1,0,1,0,0,0,1,9,49,5,1,1,1,0,1
0,1,0,0,1,0,0,1,8,40,2,1,1,0,0,1
0,0,0,1,1,1,0,0,5,22,5,1,1,0,1,1
1,1,1,1,0,0,0,0,6,14,1,1,0,0,0,1
0,0,1,0,0,0,1,0,2,5,3,0,0,0,0,0
0,0,0,1,0,0,1,0,9,31,6,0,0,0,0,1
0,0,0,0,0,0,1,0,2,6,3,0,0,0,1,0
0,1,0,0,1,0,1,0,3,35,5,1,1,0,1,1
0,0,0,0,0,0,1,0,2,5,2,0,0,0,0,0
0,0,0,1,1,0,0,1,6,26,9,1,1,1,1,1
0,0,0,0,0,0,0,1,1,4,3,0,0,0,0,0
0,0,0,1,1,0,1,0,3,31,9,1,1,0,1,1
0,1,0,1,1,0,1,0,3,0,4,0,0,0,1,0
1,0,0,0,1,0,0,1,9,20,11,1,1,1,0,1
0,0,0,0,0,0,1,1,1,8,2,0,0,0,0,0
0,0,1,1,1,1,0,1,5,7,7,0,1,0,0,1
0,0,0,1,0,0,1,0,2,5,0,0,0,0,0,0
0,0,0,0,0,0,1,0,1,0,1,0,0,0,0,0
1,1,0,1,0,0,0,0,5,45,3,0,1,1,1,1
0,0,0,1,1,0,0,0,3,13,14,1,1,1,0,1
0,0,0,0,0,0,1,0,3,7,4,0,0,0,0,0
0,0,0,1,1,0,0,0,7,18,10,1,1,1,0,1
0,0,0,0,0,0,1,0,2,8,1,0,0,0,0,0
0,0,0,0,0,0,1,0,3,0,3,0,0,0,0,0
0,0,0,0,0,0,1,0,3,0,4,0,0,0,0,0
0,1,0,1,1,0,0,1,9,1,10,0,1,1,1,1
0,1,0,1,0,0,1,0,3,7,2,0,0,0,0,0
0,0,0,0,0,0,1,0,2,0,4,0,0,0,0,0
0,0,0,1,0,0,0,1,7,1,4,1,1,0,0,1
0,0,0,1,1,0,0,0,7,8,4,1,1,1,0,1
0,1,0,1,0,0,0,0,5,10,14,1,1,1,0,1
0,0,1,1,1,1,1,1,8,5,3,1,1,1,0,1
0,0,0,0,0,0,1,0,3,4,4,0,0,0,0,0
0,0,0,0,0,0,1,1,1,7,1,0,0,0,0,0
0,0,0,0,0,0,1,0,1,2,3,0,0,0,0,0
0,0,0,0,0,0,1,0,3,4,4,0,0,0,0,0
0,1,1,1,1,1,0,0,1,14,10,1,1,0,0,1
0,0,0,0,1,0,0,0,3,7,0,0,0,0,0,0
0,0,0,0,0,0,1,0,1,3,0,0,0,0,0,0
1,0,1,0,0,0,1,0,6,2,9,0,0,1,1,1
0,0,0,1,0,0,1,0,2,7,4,0,0,0,0,0
0,0,0,0,0,0,1,1,2,8,2,0,0,0,0,0
0,0,0,0,0,0,1,0,3,4,1,0,0,0,0,0
0,0,0,1,0,0,0,1,2,1,2,0,0,1,0,0
0,0,0,0,0,0,1,0,3,1,1,0,0,0,0,0
0,0,0,0,0,0,1,0,3,8,0,0,0,0,1,0
0,1,1,1,1,0,0,0,7,30,8,1,1,0,1,1
1,0,0,1,1,0,0,0,6,27,7,1,1,1,1,1
0,0,0,0,0,0,1,0,1,4,1,0,0,0,0,0
0,1,0,1,0,0,1,0,2,8,3,0,0,0,0,0
0,0,1,1,0,0,1,0,9,6,12,1,1,1,0,1
0,0,0,0,1,0,1,0,2,9,4,0,0,0,0,0
0,1,0,0,0,0,1,0,1,7,2,0,0,0,0,0
0,0,0,0,0,0,0,0,3,9,0,0,0,0,0,0
0,1,0,1,1,0,0,0,5,20,14,0,1,0,0,1
0,0,0,0,0,0,1,0,2,9,3,0,0,0,1,0
1,1,0,1,1,0,0,0,2,15,6,1,1,0,0,1
0,0,0,0,0,0,1,0,2,4,4,0,0,0,0,0
1,1,0,1,1,1,0,0,8,41,11,1,1,1,1,1
0,0,0,1,1,0,0,0,6,20,2,1,1,0,0,1
0,1,0,0,0,0,1,0,1,2,1,0,0,0,0,0
1,1,1,1,1,0,0,0,8,8,0,1,1,1,1,1
0,0,0,0,1,1,1,0,1,0,2,0,0,0,0,0
0,1,1,1,1,1,0,1,7,39,13,1,1,0,0,1
0,0,0,0,0,0,1,1,1,3,0,0,0,0,0,0
0,0,0,0,0,0,1,0,1,8,2,0,0,0,0,0
0,1,0,1,1,1,0,0,8,1,7,0,1,1,0,1
0,0,0,1,0,0,1,0,1,1,1,0,0,0,0,0
0,0,0,0,1,0,0,0,2,8,3,0,0,1,0,0
0,0,1,1,1,1,0,0,4,41,7,1,1,1,1,1
0,1,0,0,0,0,1,0,3,8,4,0,1,0,0,0
0,0,0,0,0,0,1,0,3,3,0,0,0,0,0,0
0,1,0,1,1,0,1,0,4,34,11,0,1,0,0,1
1,1,1,1,1,0,0,1,8,36,11,0,1,1,1,1
0,0,0,0,0,0,1,0,2,4,4,0,0,0,0,0
0,0,0,0,0,0,1,0,3,7,4,0,0,0,0,0
1,1,0,1,1,0,1,1,2,29,14,1,1,0,0,1
0,0,1,1,1,0,1,0,2,15,0,0,1,0,0,1
0,0,0,0,0,0,1,0,2,2,0,0,0,0,0,0
0,0,0,1,1,1,0,0,9,47,7,0,1,0,1,1
0,0,1,0,0,0,1,1,3,5,0,0,0,0,0,0
0,0,0,0,0,0,1,0,2,8,1,0,0,0,1,0
0,1,0,0,0,0,1,0,2,8,1,0,0,0,0,0
0,0,0,0,0,0,1,0,3,7,0,0,0,0,0,0
0,0,0,0,0,0,1,0,2,4,2,0,0,0,0,0
0,1,0,1,0,0,0,1,8,37,11,1,1,1,0,1
0,0,0,1,1,0,0,0,7,5,12,0,1,1,0,1
0,0,1,0,1,0,0,1,6,48,6,0,1,0,1,1
0,0,0,0,0,0,0,0,2,46,4,1,1,1,0,1
0,0,0,0,0,0,1,0,2,4,1,0,1,0,0,0
0,0,0,0,0,0,1,0,2,0,0,0,0,0,0,0
0,0,0,0,0,0,1,0,3,8,2,0,0,0,0,0
0,0,0,0,0,0,1,0,2,1,0,0,0,0,0,0
0,1,0,1,1,0,0,0,4,45,9,1,0,0,1,1
0,0,0,0,0,0,1,0,2,9,4,1,0,0,0,0
0,0,0,1,0,0,0,0,3,0,1,0,0,0,0,0
0,1,0,1,1,0,0,0,8,26,10,1,1,1,1,1
0,0,0,1,1,0,0,0,7,30,1,1,1,0,0,1
1,0,0,0,0,0,0,1,8,21,10,0,1,0,0,1
0,1,0,1,0,1,0,1,6,38,6,1,1,1,1,1
0,1,0,1,0,0,1,1,1,0,3,0,1,0,0,0
0,0,0,0,0,0,1,0,2,8,1,0,0,0,0,0
0,1,0,1,1,0,0,0,6,13,1,0,1,1,0,1
0,1,0,0,1,0,0,0,1,4,2,1,0,0,0,0
0,0,0,0,0,0,0,1,3,1,0,0,0,0,1,0
0,0,0,0,0,0,1,1,2,3,4,0,0,0,0,0
1,1,0,1,1,0,1,1,7,11,12,0,0,0,0,1
0,0,0,0,0,0,1,1,3,2,1,0,0,0,0,0
1,0,0,1,1,0,0,0,8,13,12,1,1,0,1,1
0,0,0,0,1,0,1,0,1,6,1,0,0,0,0,0
0,0,0,1,1,0,1,0,3,8,0,0,0,0,1,0
0,0,0,1,0,0,1,0,2,0,4,0,0,0,0,0
0,0,1,1,1,0,0,1,6,43,4,0,0,0,1,1
0,0,0,0,0,0,1,0,2,3,3,0,0,0,0,0
0,1,0,0,1,0,1,1,9,14,12,0,1,1,0,1
0,1,1,1,1,0,0,0,9,4,11,1,1,0,0,1
0,0,0,1,1,0,0,0,8,21,10,0,1,0,0,1
0,0,0,0,1,0,1,0,3,8,4,0,0,0,0,0
0,0,0,0,0,0,0,0,3,5,3,0,0,0,0,0
0,0,0,0,0,0,1,0,2,5,3,0,0,0,0,0
0,0,0,0,0,0,1,0,2,9,4,0,0,0,0,0
0,0,0,1,1,0,0,0,3,11,3,1,1,0,0,1
0,0,0,0,1,0,0,0,1,28,14,1,1,0,1,1
1,1,0,1,1,0,0,1,1,21,4,0,0,1,1,1
0,0,0,1,0,0,1,0,2,9,3,0,0,0,0,0
0,0,0,1,0,0,1,0,3,17,10,1,1,0,0,1
0,0,0,0,0,0,1,0,1,9,4,0,0,0,1,0
1,1,1,1,1,0,0,0,3,39,4,0,1,0,0,1
0,0,0,0,0,0,0,0,3,4,3,0,0,0,0,0
0,0,0,1,0,0,1,0,3,7,3,0,0,1,0,0
1,1,0,0,1,0,0,0,6,28,4,0,1,1,0,1
1,1,0,0,1,1,0,0,4,15,5,0,1,1,0,1
0,1,0,1,0,0,1,0,3,19,0,1,1,0,1,1
1,1,1,0,1,0,0,0,3,42,9,1,1,0,1,1
0,0,0,1,0,0,0,0,2,0,2,1,0,0,0,0
0,1,0,1,1,0,0,0,2,21,10,1,1,1,0,1
0,1,0,1,1,0,0,0,2,10,4,0,1,0,1,1
0,1,0,0,1,0,0,0,9,26,13,1,1,0,1,1
0,0,0,0,0,0,1,0,3,3,2,0,0,0,0,0
0,0,0,0,0,0,0,1,2,5,2,0,1,0,0,0
1,1,0,1,1,1,0,0,1,42,10,0,1,1,1,1
0,0,0,0,0,0,1,0,3,1,2,0,0,0,1,0
1,1,0,0,1,1,0,1,6,26,6,1,1,0,1,1
0,1,0,0,0,0,1,1,2,0,2,0,0,0,0,0
0,0,0,1,0,0,1,0,2,7,4,0,0,0,0,0
0,0,0,0,0,0,0,0,1,0,2,0,1,0,0,0
0,1,0,0,0,0,1,0,2,4,4,0,0,0,0,0
1,0,0,1,1,0,0,0,1,32,13,1,1,0,0,1
0,1,1,1,1,0,0,0,8,20,7,1,1,1,1,1
0,1,0,1,1,0,1,0,6,32,5,1,1,0,0,1
0,0,0,1,0,0,1,0,2,3,4,0,0,0,0,0
1,0,0,1,1,0,0,0,7,30,14,0,0,1,1,1
0,0,0,1,1,0,0,0,7,30,10,1,0,1,1,1
0,1,0,0,1,0,1,0,3,12,11,0,1,1,1,1
0,0,0,0,0,0,1,0,1,2,0,0,0,0,0,0
0,0,0,0,0,0,1,0,1,4,2,0,0,0,0,0
0,0,0,0,0,0,1,0,2,9,1,0,1,0,0,0
0,1,1,0,1,1,0,1,1,17,9,0,1,0,1,1
1,0,1,1,1,0,0,0,7,25,8,1,1,0,0,1
1,0,0,1,1,1,0,1,6,13,6,0,1,0,0,1
0,0,0,0,0,0,1,0,3,2,0,0,0,0,0,0
0,0,0,1,0,0,1,0,3,5,1,0,0,0,0,0
0,1,1,0,1,0,0,0,3,33,3,1,1,1,0,1
0,0,0,0,1,0,1,0,1,7,1,0,0,0,0,0
0,0,0,0,1,0,1,0,1,2,4,0,0,1,0,0
0,1,0,0,0,0,1,0,2,2,2,0,0,0,0,0
0,0,0,0,0,0,1,0,3,1,0,0,0,0,0,0
1,1,0,1,0,0,1,0,8,23,2,1,1,1,1,1
0,0,0,0,0,0,0,0,2,6,1,0,0,0,0,0
0,0,0,0,1,0,1,0,3,2,2,0,0,0,1,0
0,0,0,0,1,0,1,0,1,2,1,0,0,0,0,0
0,0,0,0,0,0,1,0,2,9,1,0,0,0,1,0
1,1,0,0,0,0,0,1,7,14,3,0,1,0,1,1
1,1,0,1,1,0,0,0,8,43,10,0,1,1,1,1
0,0,0,0,0,0,1,0,3,5,2,0,0,0,0,0
0,0,0,0,0,0,1,0,3,9,2,0,0,0,0,0
0,0,0,1,0,0,0,0,3,8,4,0,0,0,0,0
0,0,0,0,0,0,1,0,2,7,0,0,0,0,0,0
0,0,0,0,0,0,1,0,2,7,2,0,0,1,0,0
0,0,0,1,0,0,1,0,1,0,3,0,0,0,0,0
1,1,0,1,0,1,0,0,8,27,1,1,1,0,1,1
0,1,0,0,0,0,1,0,3,7,1,0,0,0,0,0
1,1,0,1,1,0,0,1,2,2,4,0,1,0,1,1
0,0,0,1,0,0,0,0,4,2,7,0,1,0,0,1
0,0,0,0,0,0,1,0,2,6,4,0,0,0,0,0
0,1,0,1,1,1,0,0,4,34,2,0,1,0,0,1
0,1,0,1,1,0,0,0,8,37,13,1,1,0,1,1
1,1,0,1,0,0,0,0,9,40,10,1,1,1,1,1
0,1,0,1,1,0,0,0,7,31,0,1,1,1,1,1
0,0,0,1,1,0,0,0,8,22,13,0,0,1,1,1
0,0,1,1,1,1,1,1,6,34,13,0,1,0,1,1
0,0,0,0,0,0,0,0,1,0,3,0,0,0,1,0
0,1,0,1,1,0,0,0,4,3,7,0,1,0,0,1
1,0,0,1,0,0,0,1,1,36,1,0,1,0,0,1
0,0,1,1,1,0,0,1,9,7,4,1,1,0,0,1
0,0,0,0,0,0,1,0,2,1,0,0,0,0,0,0
0,1,0,1,0,0,0,0,7,23,8,1,1,1,1,1
0,0,0,0,1,0,1,0,1,0,1,0,0,0,0,0
1,1,1,1,1,0,0,0,4,24,6,1,1,1,0,1
0,0,0,1,0,0,1,0,1,4,0,0,0,0,0,0
0,0,0,0,0,0,1,0,3,2,4,0,0,0,0,0
0,0,0,1,0,0,0,0,2,46,7,1,1,1,1,1
0,0,0,0,0,0,0,0,7,28,0,1,0,1,0,1
0,0,0,0,0,0,1,0,1,7,4,0,0,0,0,0
0,1,0,1,0,1,0,1,3,46,4,1,1,1,0,1
0,0,0,1,0,0,1,1,1,6,2,0,0,1,0,0
0,0,0,0,0,0,1,1,3,3,2,0,0,0,0,0
0,0,0,0,0,0,1,1,2,4,1,0,0,0,0,0
0,0,0,1,0,0,1,0,1,6,0,0,0,0,0,0
0,0,0,0,0,0,1,0,2,3,1,0,0,0,0,0
0,0,0,1,0,0,0,0,1,34,0,1,1,0,0,1
0,0,0,0,0,0,1,0,1,1,1,0,0,0,0,0
0,0,0,0,0,0,1,1,1,5,3,0,0,0,0,0
0,0,0,1,1,0,1,1,8,36,1,0,1,0,0,1
0,1,0,0,0,0,1,0,1,9,3,0,0,0,0,0
0,1,0,1,1,0,0,0,2,46,11,1,1,1,0,1
1,1,1,1,1,0,0,0,4,19,3,0,0,0,0,1
1,1,0,1,0,0,1,1,4,23,6,0,1,0,1,1
0,0,0,0,0,0,1,0,3,7,0,0,0,0,0,0
0,1,0,0,0,0,1,0,1,9,0,0,0,0,0,0
0,0,0,1,0,0,1,0,3,3,1,0,0,0,0,0
0,1,0,1,0,0,0,1,1,12,3,0,1,0,1,1
0,0,1,0,0,0,1,0,2,4,0,0,0,0,0,0
1,1,0,0,1,1,0,1,3,46,14,1,1,1,1,1
0,0,0,0,0,0,1,0,2,5,3,0,0,0,1,0
0,0,0,0,0,0,0,1,3,29,1,1,0,0,1,1
0,0,0,1,0,0,1,0,2,3,0,0,0,0,0,0
0,0,0,0,0,0,1,0,2,4,2,1,0,1,0,0
0,0,0,0,0,0,1,0,3,4,4,0,0,0,0,0
1,0,0,1,1,0,0,0,9,45,3,1,1,1,0,1
1,1,1,1,1,1,0,0,5,5,9,1,1,1,0,1
0,0,0,0,0,0,1,0,3,2,4,0,0,0,0,0
1,0,0,1,0,0,1,0,3,5,0,1,1,0,1,0
0,1,1,1,1,0,0,0,9,25,8,1,1,1,1,1
0,1,0,0,1,0,0,1,4,10,4,1,0,0,1,1
0,0,0,1,0,0,0,0,5,36,3,0,1,1,0,1
0,0,0,0,0,0,1,1,2,5,1,0,0,0,0,0
0,0,0,0,0,0,0,0,2,45,3,1,0,0,0,1
0,0,0,0,0,0,1,0,2,7,2,0,0,0,0,0
0,0,0,1,1,0,0,0,5,47,5,1,1,0,1,1
0,0,0,0,0,0,1,0,3,4,0,0,1,0,0,0
1,1,1,0,0,0,0,1,4,25,7,0,1,1,1,1
0,0,0,1,1,0,0,1,4,31,4,1,1,1,0,1
1,1,1,1,1,0,0,0,8,41,14,0,1,1,0,1
0,1,1,1,0,1,0,1,6,28,11,0,1,0,0,1
0,1,0,1,1,0,0,0,9,1,13,1,1,1,1,1
0,1,0,0,0,0,1,0,3,8,2,0,0,0,0,0
0,0,0,1,1,0,0,1,9,27,12,0,1,0,0,1
0,0,1,1,0,1,0,0,1,31,8,0,1,0,0,1
0,1,0,1,1,0,0,1,9,31,0,0,1,1,0,1
0,0,0,0,0,0,0,0,3,3,4,0,0,0,0,0
0,0,0,1,1,0,1,1,1,33,8,1,1,0,1,1
0,0,0,0,0,0,0,0,3,4,3,0,0,0,1,0
0,1,0,1,1,0,1,1,2,15,7,1,1,1,0,1
0,1,0,1,1,0,0,0,1,41,13,1,1,0,0,1
0,0,0,0,0,0,1,0,3,9,1,0,0,0,0,0
0,1,0,0,1,0,1,0,6,12,6,1,1,1,1,1
0,0,0,1,0,0,1,0,3,9,0,0,0,0,0,0
0,1,0,0,0,0,1,0,3,7,4,0,0,0,0,0
0,0,1,1,0,0,0,0,6,45,10,0,1,1,0,1
0,1,0,0,0,0,0,0,3,1,3,0,0,0,0,0
0,0,1,1,1,1,0,1,8,39,11,0,1,0,1,1
1,0,0,1,0,0,0,0,6,10,6,0,0,0,0,1
0,0,0,0,0,0,1,0,2,6,1,0,0,0,0,0
0,0,0,0,0,0,1,1,1,8,0,0,0,0,0,0
0,0,0,0,0,0,0,0,3,4,0,1,0,0,1,0
0,0,0,0,0,0,1,0,1,1,0,0,0,0,0,0
1,1,0,1,1,0,1,0,4,34,3,1,1,0,1,1
0,1,1,1,0,0,0,0,6,13,5,0,1,0,0,1
0,0,0,0,0,0,1,0,2,3,4,0,0,0,0,0
0,1,0,0,1,0,0,1,5,4,1,0,1,0,0,1
0,0,0,1,1,0,1,0,9,23,2,1,0,1,1,1
0,0,0,1,1,1,0,0,5,39,11,1,1,1,1,1
0,0,0,1,1,0,1,0,8,31,0,1,0,1,1,1
0,1,0,0,0,0,1,0,2,5,4,0,0,0,0,0
0,0,0,0,0,0,1,0,2,3,4,0,1,0,0,0
1,0,1,1,1,1,0,0,4,16,8,1,1,0,0,1
0,0,0,0,0,0,1,0,2,4,3,0,1,0,1,0
0,1,0,0,0,0,1,0,2,5,4,0,0,0,0,0
0,0,0,0,0,0,1,0,2,1,3,0,0,0,0,0
1,1,0,1,0,0,0,1,7,0,0,0,1,0,0,1
0,1,0,1,0,1,0,0,4,14,6,0,1,0,1,1
0,0,0,1,1,0,0,0,9,15,9,1,0,0,0,1
0,0,0,0,0,0,0,0,2,5,0,0,0,0,0,0
0,0,0,0,0,1,1,0,2,47,9,1,0,0,0,1
0,0,1,1,1,0,1,1,9,27,9,0,1,1,1,1
0,0,1,0,0,0,1,0,1,2,3,0,0,0,0,0
0,1,0,1,1,0,0,1,4,4,12,0,1,0,0,1
0,0,0,1,0,0,0,0,3,47,7,0,1,0,0,1
0,1,0,0,0,0,1,0,2,9,3,0,0,0,0,0
0,0,0,0,0,0,1,0,2,9,3,0,0,1,0,0
0,0,0,0,0,0,0,0,1,5,2,0,0,0,0,0
1,0,0,1,1,0,0,0,2,20,8,0,1,0,0,1
0,1,1,1,1,0,0,1,9,25,8,1,1,0,1,1
0,0,1,1,1,0,1,0,9,17,7,0,1,0,1,1
0,0,0,0,0,0,1,0,1,6,1,0,0,0,0,0
0,0,0,0,1,0,0,0,2,8,3,0,0,0,0,0
0,1,1,1,0,0,1,1,4,5,6,0,0,1,0,1
0,1,0,1,1,1,0,1,7,25,12,1,1,0,1,1
0,1,0,0,0,0,1,0,3,6,0,0,0,1,0,0
0,0,0,0,0,0,1,0,2,7,2,0,0,0,0,0
0,0,0,0,0,0,1,0,2,6,4,0,0,0,0,0
0,0,0,0,0,0,1,0,3,2,0,0,0,0,0,0
0,1,0,0,0,0,0,1,9,45,14,1,1,0,1,1
0,0,0,0,0,0,1,0,1,8,4,0,0,0,0,0
0,1,0,1,1,1,1,0,9,32,12,1,1,1,0,1
0,0,1,1,1,1,0,0,2,43,4,1,1,0,1,1
1,0,0,1,0,0,0,1,1,38,9,0,1,1,1,1
0,0,0,0,1,0,0,0,3,7,3,1,0,0,0,0
0,0,0,0,0,0,1,0,3,0,1,0,0,0,0,0
0,0,0,0,0,0,1,0,1,1,0,0,0,0,0,0
0,0,0,0,1,0,1,0,3,9,4,0,0,0,0,0
1,1,0,1,1,0,0,1,7,32,13,1,1,0,1,1
0,0,0,0,0,0,1,0,2,5,4,0,1,0,0,0
0,0,0,0,0,0,1,0,2,4,1,0,0,0,0,0
1,0,1,1,1,0,0,0,5,32,11,1,1,0,0,1
0,0,0,0,0,0,1,0,3,0,1,0,0,0,0,0
0,0,0,1,1,0,0,0,9,6,4,1,1,0,1,1
0,1,0,1,1,0,0,0,7,27,2,1,0,1,0,1
0,0,0,1,1,0,0,0,5,17,14,1,1,0,0,1
0,1,1,1,1,0,1,0,9,30,9,0,1,0,1,1
0,1,0,1,0,1,1,0,8,25,1,0,1,0,1,1
0,0,1,1,0,1,0,0,1,4,7,1,1,0,1,1
0,1,0,1,1,0,1,0,2,9,0,1,1,1,1,1
0,1,0,0,1,0,0,0,5,19,4,1,1,0,1,1
0,0,0,0,0,0,1,0,1,9,2,0,0,1,0,0
0,0,0,0,0,0,1,0,1,6,1,0,0,0,0,0
0,1,0,0,0,0,1,1,1,6,1,0,0,0,0,0
0,1,0,1,0,0,1,0,2,7,1,0,0,0,0,0
1,0,0,0,0,0,1,0,4,34,8,0,1,0,0,1
0,1,0,0,0,0,0,0,1,2,0,0,0,0,0,0
0,0,0,1,1,0,0,0,8,32,6,0,1,0,1,1
0,0,0,0,0,0,1,1,1,5,3,0,0,0,0,0
0,0,0,0,1,0,1,0,3,6,4,0,0,0,0,0
0,0,0,0,0,0,1,0,3,1,4,0,0,0,0,0
0,1,0,1,1,0,1,0,5,11,2,0,1,0,1,1
0,0,0,0,0,0,1,0,1,4,1,0,0,0,0,0
0,1,0,1,0,1,0,0,6,7,7,1,1,1,1,1
1,0,0,1,1,1,0,0,1,26,0,1,1,0,1,1
0,0,0,0,0,0,1,0,3,3,0,0,0,1,0,0
0,0,0,0,0,0,1,0,3,2,0,0,1,0,0,0
0,0,0,0,0,0,0,0,3,8,2,0,0,0,0,0
1,1,0,1,1,0,0,1,4,44,5,0,0,0,0,1
0,0,0,0,1,0,1,0,3,9,1,0,0,0,0,0
0,1,0,1,1,1,0,1,2,32,11,1,0,0,1,1
0,1,1,1,1,1,0,0,8,12,11,0,1,0,0,1
0,0,0,1,0,0,1,0,3,9,4,0,0,0,0,0
0,1,0,0,0,0,1,0,1,9,2,0,0,0,0,0
0,0,0,1,0,0,1,1,8,47,8,1,1,1,0,1
0,1,0,1,0,0,1,0,9,30,3,0,1,0,1,1
0,1,0,1,0,0,1,0,6,29,4,0,1,1,0,1
0,0,0,0,0,0,1,0,2,9,0,0,0,0,0,0
0,1,0,1,0,0,0,0,6,0,12,0,0,0,1,1
0,0,0,0,0,0,1,0,3,5,3,0,0,0,0,0
1,1,1,1,0,0,0,0,4,11,3,0,0,1,0,1
0,1,1,1,1,0,0,0,1,14,9,0,1,0,0,1
0,0,0,0,0,0,1,1,3,3,4,0,0,0,0,0
1,0,1,1,0,0,0,1,4,34,1,0,0,0,1,1
0,0,0,0,0,0,1,0,3,7,3,0,0,0,0,0
0,0,0,0,0,0,1,0,1,5,0,0,0,0,0,0
0,0,1,1,1,1,0,0,4,38,0,0,1,0,1,1
0,0,0,0,0,0,1,1,2,5,4,0,0,1,0,0
0,0,0,0,0,0,1,0,3,1,1,0,0,0,0,0
0,1,0,1,0,0,0,0,7,24,11,1,1,0,1,1
0,0,0,0,0,0,1,0,3,2,3,0,0,0,0,0
0,1,0,0,0,0,1,0,1,8,2,0,0,0,0,0
0,1,0,0,0,0,1,0,3,0,0,0,0,0,0,0
0,0,0,1,0,0,1,0,7,20,14,0,1,1,0,1
0,0,0,0,0,0,1,0,3,2,4,0,0,0,0,0
1,0,1,1,1,0,0,0,3,49,0,0,1,0,0,1
0,1,0,1,1,0,0,0,5,27,0,1,1,1,0,1
0,0,0,1,0,0,1,0,1,3,2,0,0,0,0,0
0,0,0,0,1,0,1,0,1,6,4,0,0,0,0,0
0,1,0,0,0,0,1,1,1,6,3,0,0,0,0,0
0,1,0,0,0,0,0,1,6,26,14,0,0,1,1,1
0,0,0,0,0,0,0,0,1,4,2,0,0,0,1,0
0,0,0,0,0,0,1,0,2,9,3,0,0,0,0,0
0,0,0,0,1,0,1,0,3,6,2,0,0,0,0,0
0,0,0,0,0,0,1,0,1,0,0,1,0,0,0,0
0,0,0,0,0,0,1,0,2,8,1,0,0,0,0,0
1,1,0,1,1,0,0,0,2,21,1,1,1,0,1,1
0,0,0,1,1,0,0,0,9,7,2,1,1,0,1,1
0,0,0,0,0,0,1,0,1,6,4,0,1,0,0,0
0,0,0,0,0,0,1,0,2,5,4,0,0,0,0,0
0,0,0,0,0,0,1,0,1,3,2,0,0,0,0,0
0,0,0,1,0,0,1,0,2,3,0,0,0,0,0,0
1,1,0,1,1,0,0,0,2,41,0,1,1,1,1,1
0,0,0,0,0,0,1,1,2,6,1,0,0,0,0,0
0,1,1,0,1,0,0,0,5,48,12,0,1,0,1,1
1,1,0,1,0,0,1,0,1,15,9,1,1,1,1,1
0,0,0,0,0,0,1,0,2,1,0,0,0,0,0,0
0,0,1,1,1,1,1,0,9,5,14,0,1,1,1,1
0,1,0,1,1,0,1,0,9,6,13,0,1,0,1,1
0,1,0,1,1,0,0,0,2,14,3,0,1,1,0,1
1,0,0,1,0,1,1,1,7,2,11,1,1,0,1,1
0,0,0,0,1,0,1,0,1,5,3,0,0,0,0,0
0,0,0,0,0,0,0,0,3,3,0,0,1,0,0,0
0,0,0,1,1,0,0,0,8,4,0,1,1,0,1,1
0,0,0,0,0,0,1,0,1,6,4,0,0,0,0,0
0,0,0,0,0,0,1,0,3,9,2,0,0,0,0,0
0,0,1,0,0,0,1,0,2,0,1,0,0,0,0,0
0,0,0,0,0,0,1,1,1,8,0,0,0,0,0,0
0,0,0,0,0,0,1,0,1,0,3,0,1,0,0,0
1,1,0,1,0,0,1,0,2,0,5,1,1,1,1,1
0,0,0,0,0,0,1,0,2,4,1,0,0,0,0,0
0,0,0,0,0,0,1,0,3,4,0,0,0,0,0,0
0,0,0,0,0,0,1,0,3,7,2,0,0,0,0,0
